split_kind,held_out,model,knn10_tc_sd,rows,coverage_80,coverage_95,width_80,width_95,rmse
grouped,all,tabpfn,< 2,44835,0.8351,0.9595,3.2596,6.3311,3.2318
grouped,all,tabpfn,2-5,40255,0.8250,0.9581,8.5274,15.6953,5.2650
grouped,all,tabpfn,5-10,41137,0.8148,0.9560,18.5271,32.4021,8.7094
grouped,all,tabpfn,10-20,37024,0.8282,0.9619,28.1706,46.9313,12.1230
grouped,all,tabpfn,20-30,12337,0.8182,0.9540,37.8064,60.1216,16.4033
grouped,all,tabpfn,>= 30,1606,0.7740,0.9427,42.3622,67.5182,22.2582
grouped,all,quantile_regression,< 2,44835,0.7733,0.9560,6.0122,33.5045,4.0509
grouped,all,quantile_regression,2-5,40255,0.7049,0.9354,11.0032,36.7054,6.2763
grouped,all,quantile_regression,5-10,41137,0.6934,0.9086,20.2441,44.6253,10.0081
grouped,all,quantile_regression,10-20,37024,0.6535,0.8605,28.6684,51.0981,14.9998
grouped,all,quantile_regression,20-30,12337,0.6218,0.8202,38.5955,58.2668,20.0599
grouped,all,quantile_regression,>= 30,1606,0.4994,0.7235,41.3291,62.1688,27.0568
grouped,all,conformal,< 2,44835,0.9866,0.9971,17.9200,43.9854,3.7286
grouped,all,conformal,2-5,40255,0.9348,0.9897,17.9141,43.9614,5.9583
grouped,all,conformal,5-10,41137,0.7552,0.9664,17.9214,44.0396,9.5820
grouped,all,conformal,10-20,37024,0.5887,0.8897,17.9071,43.9981,13.9920
grouped,all,conformal,20-30,12337,0.4582,0.7835,17.9220,43.9969,18.8795
grouped,all,conformal,>= 30,1606,0.3848,0.7055,17.9820,44.0440,25.0490
leave_family_out,cuprate,tabpfn,< 2,355,0.3606,0.7915,38.4979,84.4333,49.0231
leave_family_out,cuprate,tabpfn,2-5,713,0.2062,0.6438,36.4557,79.8751,55.3047
leave_family_out,cuprate,tabpfn,5-10,3526,0.2496,0.6597,39.5270,82.6332,55.5975
leave_family_out,cuprate,tabpfn,10-20,1434,0.4512,0.8640,34.3476,76.0894,38.0330
leave_family_out,cuprate,tabpfn,20-30,2193,0.3361,0.8368,38.1584,79.4866,44.7592
leave_family_out,cuprate,tabpfn,>= 30,2311,0.5309,0.9122,73.6694,120.8278,51.4625
leave_family_out,iron-based,tabpfn,< 2,854,0.2670,0.6440,12.2663,35.2787,18.9704
leave_family_out,iron-based,tabpfn,2-5,611,0.1702,0.5450,9.0648,21.3564,18.8021
leave_family_out,iron-based,tabpfn,5-10,125,0.0960,0.4160,7.1315,19.2750,28.4836
leave_family_out,iron-based,tabpfn,10-20,6,0.5000,1.0000,27.7877,54.4546,14.5019
leave_family_out,iron-based,tabpfn,20-30,47,0.4255,0.6170,26.2622,50.6034,26.2858
leave_family_out,iron-based,tabpfn,>= 30,39,0.1795,0.8974,19.8761,44.5337,18.2490
leave_family_out,other,tabpfn,< 2,52,0.5962,0.9231,51.6009,94.1754,20.6789
leave_family_out,other,tabpfn,2-5,1023,0.4633,0.9365,48.6706,91.5487,22.3115
leave_family_out,other,tabpfn,5-10,1990,0.5859,0.9588,57.8920,102.3432,23.9451
leave_family_out,other,tabpfn,10-20,2287,0.5662,0.9445,74.3253,116.3323,31.7080
leave_family_out,other,tabpfn,20-30,2577,0.5250,0.9523,83.4735,124.8396,34.8772
leave_family_out,other,tabpfn,>= 30,1120,0.3500,0.9187,82.5249,120.3182,37.1045
leave_family_out,cuprate,quantile_regression,< 2,355,0.0648,0.2676,12.2855,35.9489,55.5891
leave_family_out,cuprate,quantile_regression,2-5,713,0.0617,0.2160,17.5540,37.7196,60.8769
leave_family_out,cuprate,quantile_regression,5-10,3526,0.0740,0.2187,17.8147,36.3204,61.9892
leave_family_out,cuprate,quantile_regression,10-20,1434,0.1046,0.4407,13.7438,32.5356,43.4934
leave_family_out,cuprate,quantile_regression,20-30,2193,0.1163,0.3680,17.0257,36.1046,51.8998
leave_family_out,cuprate,quantile_regression,>= 30,2311,0.0459,0.2021,14.8880,36.9856,70.8166
leave_family_out,iron-based,quantile_regression,< 2,854,0.1218,0.7904,7.4206,32.2479,18.8450
leave_family_out,iron-based,quantile_regression,2-5,611,0.0982,0.7152,6.6630,26.3136,18.8984
leave_family_out,iron-based,quantile_regression,5-10,125,0.0960,0.6640,6.8202,31.8168,27.2772
leave_family_out,iron-based,quantile_regression,10-20,6,0.6667,1.0000,22.9422,46.6126,15.9736
leave_family_out,iron-based,quantile_regression,20-30,47,0.2979,0.7447,16.4125,36.0293,26.3119
leave_family_out,iron-based,quantile_regression,>= 30,39,0.1795,0.7949,13.2843,36.2623,19.8753
leave_family_out,other,quantile_regression,< 2,52,0.0577,0.1923,32.4275,44.6209,24.5360
leave_family_out,other,quantile_regression,2-5,1023,0.0323,0.0518,23.5675,36.5979,21.0718
leave_family_out,other,quantile_regression,5-10,1990,0.1518,0.2126,21.0232,34.6239,19.5869
leave_family_out,other,quantile_regression,10-20,2287,0.1303,0.1828,22.4457,35.6439,23.1724
leave_family_out,other,quantile_regression,20-30,2577,0.1397,0.1905,20.6002,35.2554,22.2105
leave_family_out,other,quantile_regression,>= 30,1120,0.0821,0.1527,25.2860,39.2780,27.4178
leave_family_out,cuprate,conformal,< 2,355,0.0535,0.0930,6.9606,16.6949,53.5547
leave_family_out,cuprate,conformal,2-5,713,0.0224,0.0729,6.9606,16.6949,55.1391
leave_family_out,cuprate,conformal,5-10,3526,0.0400,0.0910,6.9606,16.6949,53.7365
leave_family_out,cuprate,conformal,10-20,1434,0.0662,0.1520,6.9606,16.6949,40.5634
leave_family_out,cuprate,conformal,20-30,2193,0.0657,0.1569,6.9606,16.6949,44.4874
leave_family_out,cuprate,conformal,>= 30,2311,0.0329,0.0878,6.9606,16.6949,62.2921
leave_family_out,iron-based,conformal,< 2,854,0.2600,0.6405,16.8142,41.5068,20.4773
leave_family_out,iron-based,conformal,2-5,611,0.3535,0.6498,16.8142,41.5068,20.0761
leave_family_out,iron-based,conformal,5-10,125,0.1920,0.5600,16.8142,41.5068,29.3524
leave_family_out,iron-based,conformal,10-20,6,0.3333,0.8333,16.8142,41.5068,14.0355
leave_family_out,iron-based,conformal,20-30,47,0.1702,0.5532,16.8142,41.5068,28.4546
leave_family_out,iron-based,conformal,>= 30,39,0.0513,0.3846,16.8142,41.5068,24.9229
leave_family_out,other,conformal,< 2,52,0.2500,0.8654,25.2932,49.6263,22.2878
leave_family_out,other,conformal,2-5,1023,0.1926,0.9042,25.2932,49.6263,20.0815
leave_family_out,other,conformal,5-10,1990,0.3889,0.8945,25.2932,49.6263,18.1675
leave_family_out,other,conformal,10-20,2287,0.4088,0.8352,25.2932,49.6263,20.4319
leave_family_out,other,conformal,20-30,2577,0.3632,0.7850,25.2932,49.6263,21.2194
leave_family_out,other,conformal,>= 30,1120,0.1661,0.5563,25.2932,49.6263,30.7496
