scenario,acquisition,seed,found,stalled,best_tc_round_1,best_tc_round_5,best_tc_round_10,best_tc_round_20,share_picks_target_chem,median_pick_tc,mean_pick_tc,mean_pick_pred,start_max_tc
main,ei,0,70,False,94.5000,133.0000,133.6000,143.0000,0.7450,110.0000,98.7570,92.3149,94.5000
main,ei,1,52,False,101.0000,123.0000,132.2500,133.6000,0.6250,100.0000,74.2023,78.8943,101.0000
main,ei,2,96,False,107.0000,133.6000,133.6000,136.5000,0.7400,118.0000,102.9721,103.0241,100.8000
main,ei,3,94,False,130.2500,133.6000,133.6000,143.0000,0.8650,117.2500,105.6266,109.0108,113.0000
main,ei,4,87,False,118.0000,125.5000,133.6000,137.4000,0.7400,115.0000,95.4474,97.4101,91.8000
main,ei,5,48,False,107.0000,130.0000,132.2500,133.6000,0.5100,106.0000,91.1446,93.5136,107.0000
main,ei,6,103,False,115.0000,133.0000,135.0000,143.0000,0.9200,120.0000,112.7558,113.6174,115.0000
main,ei,7,102,False,107.5000,133.6000,133.6000,143.0000,0.8700,119.5000,107.0109,109.8738,107.5000
main,ei,8,65,False,83.3000,128.0000,132.2500,143.0000,0.7100,107.8000,92.0686,89.0909,83.3000
main,ei,9,79,False,115.1000,133.0000,133.6000,136.5000,0.7750,112.0000,105.8034,105.6254,115.1000
main,greedy_tabpfn,0,0,True,95.5000,96.5000,98.0000,98.0000,0.3600,89.5000,85.6359,86.4313,94.5000
main,greedy_tabpfn,1,111,False,135.0000,136.5000,143.0000,143.0000,0.8950,121.8000,117.0312,118.2842,101.0000
main,greedy_tabpfn,2,85,False,109.0000,135.0000,143.0000,143.0000,0.7400,114.0500,112.2622,115.2943,100.8000
main,greedy_tabpfn,3,50,False,134.1250,136.0000,136.0000,136.0000,0.5750,109.6000,108.9215,111.4127,113.0000
main,greedy_tabpfn,4,0,True,91.8000,92.5000,93.8000,94.9000,0.0000,89.7000,87.7017,86.6974,91.8000
main,greedy_tabpfn,5,41,False,109.2750,121.0000,121.0000,133.6000,0.4200,108.0000,104.6731,106.0609,107.0000
main,greedy_tabpfn,6,50,False,133.0000,133.6000,133.6000,133.6000,0.6050,108.7750,105.9621,107.8047,115.0000
main,greedy_tabpfn,7,37,False,107.5000,113.2500,130.0000,133.6000,0.3350,107.5500,105.7666,105.8881,107.5000
main,greedy_tabpfn,8,0,True,92.0000,99.0000,99.0000,99.0000,0.0000,89.9500,87.1881,86.5355,83.3000
main,greedy_tabpfn,9,51,False,132.2500,133.0000,133.0000,133.6000,0.5300,110.0000,107.9546,108.1098,115.1000
main,greedy_xgb,0,0,True,94.5000,97.4000,97.4000,97.4000,0.3500,89.6000,84.2888,88.9080,94.5000
main,greedy_xgb,1,87,False,143.0000,143.0000,143.0000,143.0000,0.8100,117.0000,114.7027,113.8883,101.0000
main,greedy_xgb,2,87,False,143.0000,143.0000,143.0000,143.0000,0.7750,117.0000,113.8940,114.5039,100.8000
main,greedy_xgb,3,49,False,120.2000,132.2500,133.6000,136.0000,0.4750,109.4500,108.2635,110.1989,113.0000
main,greedy_xgb,4,0,True,91.8000,92.1000,93.8000,99.0000,0.0000,89.0000,86.4594,87.1778,91.8000
main,greedy_xgb,5,14,False,113.2500,121.0000,121.0000,130.0000,0.1600,104.7500,99.0096,98.3280,107.0000
main,greedy_xgb,6,48,False,124.9000,133.0000,133.0000,136.0000,0.4550,108.9750,105.3845,107.6575,115.0000
main,greedy_xgb,7,23,False,130.0000,130.0000,130.0000,136.0000,0.2200,106.0000,100.7094,101.3338,107.5000
main,greedy_xgb,8,0,True,83.5000,99.0000,99.0000,99.0000,0.0000,88.1500,85.7672,85.3848,83.3000
main,greedy_xgb,9,48,False,123.5000,133.0000,133.0000,133.0000,0.5500,109.4500,108.0205,107.6362,115.1000
main,gp_ei,0,19,False,95.5000,96.5000,98.0000,135.0000,0.8350,89.5000,78.0165,75.9622,94.5000
main,gp_ei,1,53,False,116.7000,133.0000,133.0000,135.0000,0.5000,103.7500,76.8746,95.0597,101.0000
main,gp_ei,2,26,False,113.0000,120.0000,122.5000,133.5000,0.2950,83.4000,68.7506,86.8805,100.8000
main,gp_ei,3,44,False,113.0000,132.2500,132.2500,133.6000,0.5100,100.2500,78.2171,93.8841,113.0000
main,gp_ei,4,0,True,93.2000,97.0000,97.0000,97.0000,0.0000,80.0000,69.4633,73.7049,91.8000
main,gp_ei,5,30,False,107.0000,117.2000,133.6000,133.6000,0.3150,81.0000,70.3783,91.3417,107.0000
main,gp_ei,6,41,False,115.0000,132.2500,133.0000,133.6000,0.5350,99.5000,83.1254,98.2609,115.0000
main,gp_ei,7,3,True,107.5000,122.5000,122.5000,130.0000,0.0250,98.0500,80.5452,85.8746,107.5000
main,gp_ei,8,1,True,83.3000,100.0000,100.0000,122.0000,0.0250,73.8000,68.0680,60.6202,83.3000
main,gp_ei,9,71,False,117.2000,135.0000,135.8000,135.8000,0.5400,105.1000,82.4915,99.0240,115.1000
hard,ei,0,28,False,37.5800,44.5500,44.5500,54.0000,0.4400,14.3500,20.2480,22.8953,37.5800
hard,ei,1,51,False,37.7000,38.6000,54.0000,55.3000,0.5800,32.8000,28.3981,32.1008,37.7000
hard,ei,2,62,False,38.4000,38.5000,54.0000,55.6000,0.6250,35.1500,31.4257,32.0585,38.4000
hard,ei,3,23,False,37.5800,37.8000,50.0000,55.2500,0.3450,14.9000,20.4811,22.6130,37.5800
hard,ei,4,50,False,39.0000,46.0000,46.0000,55.6000,0.7150,26.1500,26.3063,27.7318,38.0000
hard,ei,5,64,False,30.2500,55.2500,55.3000,55.6000,0.9050,32.8000,30.9952,32.8300,29.1000
hard,ei,6,62,False,36.6000,37.6000,55.6000,55.6000,0.7600,33.6250,31.6377,33.3065,36.6000
hard,ei,7,66,False,41.0000,54.0000,55.3000,55.6000,0.9100,35.8500,32.5561,35.9776,33.9000
hard,ei,8,66,False,54.0000,55.0000,55.6000,55.6000,0.8550,35.0000,31.1399,34.4505,36.9000
hard,ei,9,67,False,55.2500,55.3000,55.6000,55.6000,0.8800,35.4000,32.0877,35.9355,39.0000
hard,greedy_tabpfn,0,1,True,40.0000,41.4000,44.5500,44.5500,0.1950,34.8500,31.7726,33.1936,37.5800
hard,greedy_tabpfn,1,1,True,42.5000,42.5000,42.5000,44.5500,0.1800,34.0000,31.5239,32.7730,37.7000
hard,greedy_tabpfn,2,0,True,38.5000,38.6000,41.4000,41.4000,0.2550,35.0000,31.4193,33.4007,38.4000
hard,greedy_tabpfn,3,0,True,37.8000,41.4000,41.4000,41.4000,0.2200,34.6000,31.6632,32.2999,37.5800
hard,greedy_tabpfn,4,68,False,46.6000,54.0000,55.3000,55.6000,0.9950,36.2750,34.8426,36.0774,38.0000
hard,greedy_tabpfn,5,67,False,30.2500,54.0000,55.0000,55.6000,1.0000,36.0000,34.4200,35.3921,29.1000
hard,greedy_tabpfn,6,10,False,36.6000,41.4000,41.4000,50.5500,0.1350,35.0000,32.0104,32.0718,36.6000
hard,greedy_tabpfn,7,41,False,38.0000,44.0000,46.0000,55.6000,0.9700,31.9000,30.5730,32.2867,33.9000
hard,greedy_tabpfn,8,11,False,37.4000,38.5000,41.4000,50.0000,0.1850,34.8500,32.3327,32.8562,36.9000
hard,greedy_tabpfn,9,68,False,55.0000,55.2500,55.6000,55.6000,0.9900,36.3750,35.6374,38.0768,39.0000
hard,greedy_xgb,0,2,True,38.6000,38.6000,44.5500,47.2000,0.2300,34.0000,31.8742,32.8005,37.5800
hard,greedy_xgb,1,0,True,42.5000,42.5000,42.5000,42.5000,0.2100,33.4750,31.4536,32.6971,37.7000
hard,greedy_xgb,2,0,True,38.4000,41.4000,41.4000,41.4000,0.3000,34.0000,32.1574,33.3216,38.4000
hard,greedy_xgb,3,0,True,37.8000,38.6000,41.4000,41.4000,0.3200,33.7750,31.2006,32.0258,37.5800
hard,greedy_xgb,4,64,False,53.0000,55.0000,55.6000,55.6000,0.9950,36.3750,35.0920,38.5852,38.0000
hard,greedy_xgb,5,65,False,30.2500,55.0000,55.6000,55.6000,0.9950,36.0000,34.7145,36.9770,29.1000
hard,greedy_xgb,6,63,False,38.0000,54.8500,55.3000,55.6000,0.7950,37.2500,36.5434,37.1543,36.6000
hard,greedy_xgb,7,10,False,33.9000,44.0000,47.2000,54.0000,0.9950,30.0250,28.0441,29.6656,33.9000
hard,greedy_xgb,8,66,False,37.6000,55.0000,55.2500,55.6000,0.9300,37.3000,34.7274,38.1256,36.9000
hard,greedy_xgb,9,66,False,54.8500,55.3000,55.6000,55.6000,1.0000,36.0000,35.0028,38.3650,39.0000
hard,gp_ei,0,1,True,38.0000,38.6000,41.4000,44.5500,0.0400,32.5500,23.8328,28.2822,37.5800
hard,gp_ei,1,2,True,42.5000,44.5500,44.5500,50.0000,0.0550,33.9250,26.8297,28.5774,37.7000
hard,gp_ei,2,0,True,38.4000,38.6000,41.4000,41.4000,0.0200,32.9000,25.3675,29.6602,38.4000
hard,gp_ei,3,0,True,38.4000,41.4000,41.4000,41.4000,0.0150,33.2500,26.7736,29.8990,37.5800
hard,gp_ei,4,47,False,53.7000,54.0000,55.3000,55.3000,0.7600,26.9750,26.4730,31.2790,38.0000
hard,gp_ei,5,45,False,30.2500,38.0000,54.0000,55.3000,0.9000,27.7500,27.3840,29.1289,29.1000
hard,gp_ei,6,0,True,38.2500,41.4000,41.4000,41.4000,0.0000,33.4250,27.6001,29.4267,36.6000
hard,gp_ei,7,1,True,33.9000,40.0000,40.0000,44.0000,0.4800,9.2100,14.4310,18.2115,33.9000
hard,gp_ei,8,44,False,37.7000,39.0000,54.0000,55.6000,0.5550,34.0000,29.7471,31.7315,36.9000
hard,gp_ei,9,62,False,53.5000,55.3000,55.3000,55.6000,0.8300,31.3750,29.2021,31.4296,39.0000
