scenario,acquisition,seed,round,best_tc
main,ei,0,1,94.50
main,ei,0,2,94.50
main,ei,0,3,96.80
main,ei,0,4,100.00
main,ei,0,5,133.00
main,ei,0,6,133.60
main,ei,0,7,133.60
main,ei,0,8,133.60
main,ei,0,9,133.60
main,ei,0,10,133.60
main,ei,0,11,133.60
main,ei,0,12,133.60
main,ei,0,13,133.60
main,ei,0,14,133.60
main,ei,0,15,133.60
main,ei,0,16,133.60
main,ei,0,17,133.60
main,ei,0,18,143.00
main,ei,0,19,143.00
main,ei,0,20,143.00
main,ei,1,1,101.00
main,ei,1,2,122.20
main,ei,1,3,122.20
main,ei,1,4,123.00
main,ei,1,5,123.00
main,ei,1,6,132.25
main,ei,1,7,132.25
main,ei,1,8,132.25
main,ei,1,9,132.25
main,ei,1,10,132.25
main,ei,1,11,132.25
main,ei,1,12,132.25
main,ei,1,13,132.25
main,ei,1,14,132.25
main,ei,1,15,132.25
main,ei,1,16,133.00
main,ei,1,17,133.00
main,ei,1,18,133.60
main,ei,1,19,133.60
main,ei,1,20,133.60
main,ei,2,1,107.00
main,ei,2,2,107.00
main,ei,2,3,107.00
main,ei,2,4,107.00
main,ei,2,5,133.60
main,ei,2,6,133.60
main,ei,2,7,133.60
main,ei,2,8,133.60
main,ei,2,9,133.60
main,ei,2,10,133.60
main,ei,2,11,133.60
main,ei,2,12,133.60
main,ei,2,13,133.60
main,ei,2,14,133.60
main,ei,2,15,133.60
main,ei,2,16,136.50
main,ei,2,17,136.50
main,ei,2,18,136.50
main,ei,2,19,136.50
main,ei,2,20,136.50
main,ei,3,1,130.25
main,ei,3,2,132.25
main,ei,3,3,133.00
main,ei,3,4,133.00
main,ei,3,5,133.60
main,ei,3,6,133.60
main,ei,3,7,133.60
main,ei,3,8,133.60
main,ei,3,9,133.60
main,ei,3,10,133.60
main,ei,3,11,133.60
main,ei,3,12,133.60
main,ei,3,13,133.60
main,ei,3,14,136.50
main,ei,3,15,136.50
main,ei,3,16,136.50
main,ei,3,17,137.40
main,ei,3,18,137.40
main,ei,3,19,137.40
main,ei,3,20,143.00
main,ei,4,1,118.00
main,ei,4,2,125.50
main,ei,4,3,125.50
main,ei,4,4,125.50
main,ei,4,5,125.50
main,ei,4,6,132.25
main,ei,4,7,132.25
main,ei,4,8,133.00
main,ei,4,9,133.00
main,ei,4,10,133.60
main,ei,4,11,133.60
main,ei,4,12,133.60
main,ei,4,13,133.60
main,ei,4,14,133.60
main,ei,4,15,133.60
main,ei,4,16,133.60
main,ei,4,17,136.50
main,ei,4,18,136.50
main,ei,4,19,136.50
main,ei,4,20,137.40
main,ei,5,1,107.00
main,ei,5,2,107.00
main,ei,5,3,111.00
main,ei,5,4,111.00
main,ei,5,5,130.00
main,ei,5,6,130.00
main,ei,5,7,130.00
main,ei,5,8,130.00
main,ei,5,9,130.00
main,ei,5,10,132.25
main,ei,5,11,133.60
main,ei,5,12,133.60
main,ei,5,13,133.60
main,ei,5,14,133.60
main,ei,5,15,133.60
main,ei,5,16,133.60
main,ei,5,17,133.60
main,ei,5,18,133.60
main,ei,5,19,133.60
main,ei,5,20,133.60
main,ei,6,1,115.00
main,ei,6,2,115.00
main,ei,6,3,133.00
main,ei,6,4,133.00
main,ei,6,5,133.00
main,ei,6,6,133.60
main,ei,6,7,135.00
main,ei,6,8,135.00
main,ei,6,9,135.00
main,ei,6,10,135.00
main,ei,6,11,136.50
main,ei,6,12,143.00
main,ei,6,13,143.00
main,ei,6,14,143.00
main,ei,6,15,143.00
main,ei,6,16,143.00
main,ei,6,17,143.00
main,ei,6,18,143.00
main,ei,6,19,143.00
main,ei,6,20,143.00
main,ei,7,1,107.50
main,ei,7,2,130.10
main,ei,7,3,133.60
main,ei,7,4,133.60
main,ei,7,5,133.60
main,ei,7,6,133.60
main,ei,7,7,133.60
main,ei,7,8,133.60
main,ei,7,9,133.60
main,ei,7,10,133.60
main,ei,7,11,133.60
main,ei,7,12,135.00
main,ei,7,13,135.00
main,ei,7,14,136.50
main,ei,7,15,143.00
main,ei,7,16,143.00
main,ei,7,17,143.00
main,ei,7,18,143.00
main,ei,7,19,143.00
main,ei,7,20,143.00
main,ei,8,1,83.30
main,ei,8,2,83.30
main,ei,8,3,109.00
main,ei,8,4,109.00
main,ei,8,5,128.00
main,ei,8,6,128.00
main,ei,8,7,132.25
main,ei,8,8,132.25
main,ei,8,9,132.25
main,ei,8,10,132.25
main,ei,8,11,132.25
main,ei,8,12,132.25
main,ei,8,13,132.25
main,ei,8,14,132.25
main,ei,8,15,133.00
main,ei,8,16,133.60
main,ei,8,17,135.00
main,ei,8,18,135.00
main,ei,8,19,143.00
main,ei,8,20,143.00
main,ei,9,1,115.10
main,ei,9,2,120.20
main,ei,9,3,123.00
main,ei,9,4,133.00
main,ei,9,5,133.00
main,ei,9,6,133.00
main,ei,9,7,133.60
main,ei,9,8,133.60
main,ei,9,9,133.60
main,ei,9,10,133.60
main,ei,9,11,133.60
main,ei,9,12,133.60
main,ei,9,13,133.60
main,ei,9,14,133.60
main,ei,9,15,133.60
main,ei,9,16,133.60
main,ei,9,17,133.60
main,ei,9,18,133.60
main,ei,9,19,136.50
main,ei,9,20,136.50
main,greedy_tabpfn,0,1,95.50
main,greedy_tabpfn,0,2,95.80
main,greedy_tabpfn,0,3,96.50
main,greedy_tabpfn,0,4,96.50
main,greedy_tabpfn,0,5,96.50
main,greedy_tabpfn,0,6,98.00
main,greedy_tabpfn,0,7,98.00
main,greedy_tabpfn,0,8,98.00
main,greedy_tabpfn,0,9,98.00
main,greedy_tabpfn,0,10,98.00
main,greedy_tabpfn,0,11,98.00
main,greedy_tabpfn,0,12,98.00
main,greedy_tabpfn,0,13,98.00
main,greedy_tabpfn,0,14,98.00
main,greedy_tabpfn,0,15,98.00
main,greedy_tabpfn,0,16,98.00
main,greedy_tabpfn,0,17,98.00
main,greedy_tabpfn,0,18,98.00
main,greedy_tabpfn,0,19,98.00
main,greedy_tabpfn,0,20,98.00
main,greedy_tabpfn,1,1,135.00
main,greedy_tabpfn,1,2,135.00
main,greedy_tabpfn,1,3,136.50
main,greedy_tabpfn,1,4,136.50
main,greedy_tabpfn,1,5,136.50
main,greedy_tabpfn,1,6,143.00
main,greedy_tabpfn,1,7,143.00
main,greedy_tabpfn,1,8,143.00
main,greedy_tabpfn,1,9,143.00
main,greedy_tabpfn,1,10,143.00
main,greedy_tabpfn,1,11,143.00
main,greedy_tabpfn,1,12,143.00
main,greedy_tabpfn,1,13,143.00
main,greedy_tabpfn,1,14,143.00
main,greedy_tabpfn,1,15,143.00
main,greedy_tabpfn,1,16,143.00
main,greedy_tabpfn,1,17,143.00
main,greedy_tabpfn,1,18,143.00
main,greedy_tabpfn,1,19,143.00
main,greedy_tabpfn,1,20,143.00
main,greedy_tabpfn,2,1,109.00
main,greedy_tabpfn,2,2,115.25
main,greedy_tabpfn,2,3,117.60
main,greedy_tabpfn,2,4,135.00
main,greedy_tabpfn,2,5,135.00
main,greedy_tabpfn,2,6,135.00
main,greedy_tabpfn,2,7,136.50
main,greedy_tabpfn,2,8,136.50
main,greedy_tabpfn,2,9,136.50
main,greedy_tabpfn,2,10,143.00
main,greedy_tabpfn,2,11,143.00
main,greedy_tabpfn,2,12,143.00
main,greedy_tabpfn,2,13,143.00
main,greedy_tabpfn,2,14,143.00
main,greedy_tabpfn,2,15,143.00
main,greedy_tabpfn,2,16,143.00
main,greedy_tabpfn,2,17,143.00
main,greedy_tabpfn,2,18,143.00
main,greedy_tabpfn,2,19,143.00
main,greedy_tabpfn,2,20,143.00
main,greedy_tabpfn,3,1,134.12
main,greedy_tabpfn,3,2,136.00
main,greedy_tabpfn,3,3,136.00
main,greedy_tabpfn,3,4,136.00
main,greedy_tabpfn,3,5,136.00
main,greedy_tabpfn,3,6,136.00
main,greedy_tabpfn,3,7,136.00
main,greedy_tabpfn,3,8,136.00
main,greedy_tabpfn,3,9,136.00
main,greedy_tabpfn,3,10,136.00
main,greedy_tabpfn,3,11,136.00
main,greedy_tabpfn,3,12,136.00
main,greedy_tabpfn,3,13,136.00
main,greedy_tabpfn,3,14,136.00
main,greedy_tabpfn,3,15,136.00
main,greedy_tabpfn,3,16,136.00
main,greedy_tabpfn,3,17,136.00
main,greedy_tabpfn,3,18,136.00
main,greedy_tabpfn,3,19,136.00
main,greedy_tabpfn,3,20,136.00
main,greedy_tabpfn,4,1,91.80
main,greedy_tabpfn,4,2,92.00
main,greedy_tabpfn,4,3,92.20
main,greedy_tabpfn,4,4,92.20
main,greedy_tabpfn,4,5,92.50
main,greedy_tabpfn,4,6,92.50
main,greedy_tabpfn,4,7,92.50
main,greedy_tabpfn,4,8,92.80
main,greedy_tabpfn,4,9,93.20
main,greedy_tabpfn,4,10,93.80
main,greedy_tabpfn,4,11,94.77
main,greedy_tabpfn,4,12,94.77
main,greedy_tabpfn,4,13,94.77
main,greedy_tabpfn,4,14,94.77
main,greedy_tabpfn,4,15,94.77
main,greedy_tabpfn,4,16,94.77
main,greedy_tabpfn,4,17,94.77
main,greedy_tabpfn,4,18,94.77
main,greedy_tabpfn,4,19,94.90
main,greedy_tabpfn,4,20,94.90
main,greedy_tabpfn,5,1,109.28
main,greedy_tabpfn,5,2,110.00
main,greedy_tabpfn,5,3,116.00
main,greedy_tabpfn,5,4,121.00
main,greedy_tabpfn,5,5,121.00
main,greedy_tabpfn,5,6,121.00
main,greedy_tabpfn,5,7,121.00
main,greedy_tabpfn,5,8,121.00
main,greedy_tabpfn,5,9,121.00
main,greedy_tabpfn,5,10,121.00
main,greedy_tabpfn,5,11,121.00
main,greedy_tabpfn,5,12,121.00
main,greedy_tabpfn,5,13,121.00
main,greedy_tabpfn,5,14,127.00
main,greedy_tabpfn,5,15,133.00
main,greedy_tabpfn,5,16,133.60
main,greedy_tabpfn,5,17,133.60
main,greedy_tabpfn,5,18,133.60
main,greedy_tabpfn,5,19,133.60
main,greedy_tabpfn,5,20,133.60
main,greedy_tabpfn,6,1,133.00
main,greedy_tabpfn,6,2,133.00
main,greedy_tabpfn,6,3,133.60
main,greedy_tabpfn,6,4,133.60
main,greedy_tabpfn,6,5,133.60
main,greedy_tabpfn,6,6,133.60
main,greedy_tabpfn,6,7,133.60
main,greedy_tabpfn,6,8,133.60
main,greedy_tabpfn,6,9,133.60
main,greedy_tabpfn,6,10,133.60
main,greedy_tabpfn,6,11,133.60
main,greedy_tabpfn,6,12,133.60
main,greedy_tabpfn,6,13,133.60
main,greedy_tabpfn,6,14,133.60
main,greedy_tabpfn,6,15,133.60
main,greedy_tabpfn,6,16,133.60
main,greedy_tabpfn,6,17,133.60
main,greedy_tabpfn,6,18,133.60
main,greedy_tabpfn,6,19,133.60
main,greedy_tabpfn,6,20,133.60
main,greedy_tabpfn,7,1,107.50
main,greedy_tabpfn,7,2,110.00
main,greedy_tabpfn,7,3,112.00
main,greedy_tabpfn,7,4,112.00
main,greedy_tabpfn,7,5,113.25
main,greedy_tabpfn,7,6,121.00
main,greedy_tabpfn,7,7,121.00
main,greedy_tabpfn,7,8,130.00
main,greedy_tabpfn,7,9,130.00
main,greedy_tabpfn,7,10,130.00
main,greedy_tabpfn,7,11,130.00
main,greedy_tabpfn,7,12,130.00
main,greedy_tabpfn,7,13,130.00
main,greedy_tabpfn,7,14,130.00
main,greedy_tabpfn,7,15,130.00
main,greedy_tabpfn,7,16,130.00
main,greedy_tabpfn,7,17,133.60
main,greedy_tabpfn,7,18,133.60
main,greedy_tabpfn,7,19,133.60
main,greedy_tabpfn,7,20,133.60
main,greedy_tabpfn,8,1,92.00
main,greedy_tabpfn,8,2,92.00
main,greedy_tabpfn,8,3,93.25
main,greedy_tabpfn,8,4,99.00
main,greedy_tabpfn,8,5,99.00
main,greedy_tabpfn,8,6,99.00
main,greedy_tabpfn,8,7,99.00
main,greedy_tabpfn,8,8,99.00
main,greedy_tabpfn,8,9,99.00
main,greedy_tabpfn,8,10,99.00
main,greedy_tabpfn,8,11,99.00
main,greedy_tabpfn,8,12,99.00
main,greedy_tabpfn,8,13,99.00
main,greedy_tabpfn,8,14,99.00
main,greedy_tabpfn,8,15,99.00
main,greedy_tabpfn,8,16,99.00
main,greedy_tabpfn,8,17,99.00
main,greedy_tabpfn,8,18,99.00
main,greedy_tabpfn,8,19,99.00
main,greedy_tabpfn,8,20,99.00
main,greedy_tabpfn,9,1,132.25
main,greedy_tabpfn,9,2,133.00
main,greedy_tabpfn,9,3,133.00
main,greedy_tabpfn,9,4,133.00
main,greedy_tabpfn,9,5,133.00
main,greedy_tabpfn,9,6,133.00
main,greedy_tabpfn,9,7,133.00
main,greedy_tabpfn,9,8,133.00
main,greedy_tabpfn,9,9,133.00
main,greedy_tabpfn,9,10,133.00
main,greedy_tabpfn,9,11,133.00
main,greedy_tabpfn,9,12,133.00
main,greedy_tabpfn,9,13,133.60
main,greedy_tabpfn,9,14,133.60
main,greedy_tabpfn,9,15,133.60
main,greedy_tabpfn,9,16,133.60
main,greedy_tabpfn,9,17,133.60
main,greedy_tabpfn,9,18,133.60
main,greedy_tabpfn,9,19,133.60
main,greedy_tabpfn,9,20,133.60
main,greedy_xgb,0,1,94.50
main,greedy_xgb,0,2,97.40
main,greedy_xgb,0,3,97.40
main,greedy_xgb,0,4,97.40
main,greedy_xgb,0,5,97.40
main,greedy_xgb,0,6,97.40
main,greedy_xgb,0,7,97.40
main,greedy_xgb,0,8,97.40
main,greedy_xgb,0,9,97.40
main,greedy_xgb,0,10,97.40
main,greedy_xgb,0,11,97.40
main,greedy_xgb,0,12,97.40
main,greedy_xgb,0,13,97.40
main,greedy_xgb,0,14,97.40
main,greedy_xgb,0,15,97.40
main,greedy_xgb,0,16,97.40
main,greedy_xgb,0,17,97.40
main,greedy_xgb,0,18,97.40
main,greedy_xgb,0,19,97.40
main,greedy_xgb,0,20,97.40
main,greedy_xgb,1,1,143.00
main,greedy_xgb,1,2,143.00
main,greedy_xgb,1,3,143.00
main,greedy_xgb,1,4,143.00
main,greedy_xgb,1,5,143.00
main,greedy_xgb,1,6,143.00
main,greedy_xgb,1,7,143.00
main,greedy_xgb,1,8,143.00
main,greedy_xgb,1,9,143.00
main,greedy_xgb,1,10,143.00
main,greedy_xgb,1,11,143.00
main,greedy_xgb,1,12,143.00
main,greedy_xgb,1,13,143.00
main,greedy_xgb,1,14,143.00
main,greedy_xgb,1,15,143.00
main,greedy_xgb,1,16,143.00
main,greedy_xgb,1,17,143.00
main,greedy_xgb,1,18,143.00
main,greedy_xgb,1,19,143.00
main,greedy_xgb,1,20,143.00
main,greedy_xgb,2,1,143.00
main,greedy_xgb,2,2,143.00
main,greedy_xgb,2,3,143.00
main,greedy_xgb,2,4,143.00
main,greedy_xgb,2,5,143.00
main,greedy_xgb,2,6,143.00
main,greedy_xgb,2,7,143.00
main,greedy_xgb,2,8,143.00
main,greedy_xgb,2,9,143.00
main,greedy_xgb,2,10,143.00
main,greedy_xgb,2,11,143.00
main,greedy_xgb,2,12,143.00
main,greedy_xgb,2,13,143.00
main,greedy_xgb,2,14,143.00
main,greedy_xgb,2,15,143.00
main,greedy_xgb,2,16,143.00
main,greedy_xgb,2,17,143.00
main,greedy_xgb,2,18,143.00
main,greedy_xgb,2,19,143.00
main,greedy_xgb,2,20,143.00
main,greedy_xgb,3,1,120.20
main,greedy_xgb,3,2,132.25
main,greedy_xgb,3,3,132.25
main,greedy_xgb,3,4,132.25
main,greedy_xgb,3,5,132.25
main,greedy_xgb,3,6,133.00
main,greedy_xgb,3,7,133.60
main,greedy_xgb,3,8,133.60
main,greedy_xgb,3,9,133.60
main,greedy_xgb,3,10,133.60
main,greedy_xgb,3,11,133.60
main,greedy_xgb,3,12,133.60
main,greedy_xgb,3,13,133.60
main,greedy_xgb,3,14,133.60
main,greedy_xgb,3,15,133.60
main,greedy_xgb,3,16,133.60
main,greedy_xgb,3,17,133.60
main,greedy_xgb,3,18,134.12
main,greedy_xgb,3,19,136.00
main,greedy_xgb,3,20,136.00
main,greedy_xgb,4,1,91.80
main,greedy_xgb,4,2,92.01
main,greedy_xgb,4,3,92.10
main,greedy_xgb,4,4,92.10
main,greedy_xgb,4,5,92.10
main,greedy_xgb,4,6,92.80
main,greedy_xgb,4,7,93.20
main,greedy_xgb,4,8,93.20
main,greedy_xgb,4,9,93.80
main,greedy_xgb,4,10,93.80
main,greedy_xgb,4,11,94.50
main,greedy_xgb,4,12,94.50
main,greedy_xgb,4,13,94.50
main,greedy_xgb,4,14,99.00
main,greedy_xgb,4,15,99.00
main,greedy_xgb,4,16,99.00
main,greedy_xgb,4,17,99.00
main,greedy_xgb,4,18,99.00
main,greedy_xgb,4,19,99.00
main,greedy_xgb,4,20,99.00
main,greedy_xgb,5,1,113.25
main,greedy_xgb,5,2,113.25
main,greedy_xgb,5,3,113.25
main,greedy_xgb,5,4,113.25
main,greedy_xgb,5,5,121.00
main,greedy_xgb,5,6,121.00
main,greedy_xgb,5,7,121.00
main,greedy_xgb,5,8,121.00
main,greedy_xgb,5,9,121.00
main,greedy_xgb,5,10,121.00
main,greedy_xgb,5,11,121.00
main,greedy_xgb,5,12,130.00
main,greedy_xgb,5,13,130.00
main,greedy_xgb,5,14,130.00
main,greedy_xgb,5,15,130.00
main,greedy_xgb,5,16,130.00
main,greedy_xgb,5,17,130.00
main,greedy_xgb,5,18,130.00
main,greedy_xgb,5,19,130.00
main,greedy_xgb,5,20,130.00
main,greedy_xgb,6,1,124.90
main,greedy_xgb,6,2,130.10
main,greedy_xgb,6,3,133.00
main,greedy_xgb,6,4,133.00
main,greedy_xgb,6,5,133.00
main,greedy_xgb,6,6,133.00
main,greedy_xgb,6,7,133.00
main,greedy_xgb,6,8,133.00
main,greedy_xgb,6,9,133.00
main,greedy_xgb,6,10,133.00
main,greedy_xgb,6,11,133.00
main,greedy_xgb,6,12,133.00
main,greedy_xgb,6,13,136.00
main,greedy_xgb,6,14,136.00
main,greedy_xgb,6,15,136.00
main,greedy_xgb,6,16,136.00
main,greedy_xgb,6,17,136.00
main,greedy_xgb,6,18,136.00
main,greedy_xgb,6,19,136.00
main,greedy_xgb,6,20,136.00
main,greedy_xgb,7,1,130.00
main,greedy_xgb,7,2,130.00
main,greedy_xgb,7,3,130.00
main,greedy_xgb,7,4,130.00
main,greedy_xgb,7,5,130.00
main,greedy_xgb,7,6,130.00
main,greedy_xgb,7,7,130.00
main,greedy_xgb,7,8,130.00
main,greedy_xgb,7,9,130.00
main,greedy_xgb,7,10,130.00
main,greedy_xgb,7,11,130.00
main,greedy_xgb,7,12,130.00
main,greedy_xgb,7,13,130.00
main,greedy_xgb,7,14,130.00
main,greedy_xgb,7,15,134.12
main,greedy_xgb,7,16,136.00
main,greedy_xgb,7,17,136.00
main,greedy_xgb,7,18,136.00
main,greedy_xgb,7,19,136.00
main,greedy_xgb,7,20,136.00
main,greedy_xgb,8,1,83.50
main,greedy_xgb,8,2,85.50
main,greedy_xgb,8,3,86.30
main,greedy_xgb,8,4,99.00
main,greedy_xgb,8,5,99.00
main,greedy_xgb,8,6,99.00
main,greedy_xgb,8,7,99.00
main,greedy_xgb,8,8,99.00
main,greedy_xgb,8,9,99.00
main,greedy_xgb,8,10,99.00
main,greedy_xgb,8,11,99.00
main,greedy_xgb,8,12,99.00
main,greedy_xgb,8,13,99.00
main,greedy_xgb,8,14,99.00
main,greedy_xgb,8,15,99.00
main,greedy_xgb,8,16,99.00
main,greedy_xgb,8,17,99.00
main,greedy_xgb,8,18,99.00
main,greedy_xgb,8,19,99.00
main,greedy_xgb,8,20,99.00
main,greedy_xgb,9,1,123.50
main,greedy_xgb,9,2,124.00
main,greedy_xgb,9,3,128.50
main,greedy_xgb,9,4,131.40
main,greedy_xgb,9,5,133.00
main,greedy_xgb,9,6,133.00
main,greedy_xgb,9,7,133.00
main,greedy_xgb,9,8,133.00
main,greedy_xgb,9,9,133.00
main,greedy_xgb,9,10,133.00
main,greedy_xgb,9,11,133.00
main,greedy_xgb,9,12,133.00
main,greedy_xgb,9,13,133.00
main,greedy_xgb,9,14,133.00
main,greedy_xgb,9,15,133.00
main,greedy_xgb,9,16,133.00
main,greedy_xgb,9,17,133.00
main,greedy_xgb,9,18,133.00
main,greedy_xgb,9,19,133.00
main,greedy_xgb,9,20,133.00
main,gp_ei,0,1,95.50
main,gp_ei,0,2,95.50
main,gp_ei,0,3,96.00
main,gp_ei,0,4,96.00
main,gp_ei,0,5,96.50
main,gp_ei,0,6,96.50
main,gp_ei,0,7,96.50
main,gp_ei,0,8,98.00
main,gp_ei,0,9,98.00
main,gp_ei,0,10,98.00
main,gp_ei,0,11,98.00
main,gp_ei,0,12,98.00
main,gp_ei,0,13,98.00
main,gp_ei,0,14,98.00
main,gp_ei,0,15,122.25
main,gp_ei,0,16,122.25
main,gp_ei,0,17,122.25
main,gp_ei,0,18,127.00
main,gp_ei,0,19,134.00
main,gp_ei,0,20,135.00
main,gp_ei,1,1,116.70
main,gp_ei,1,2,120.00
main,gp_ei,1,3,133.00
main,gp_ei,1,4,133.00
main,gp_ei,1,5,133.00
main,gp_ei,1,6,133.00
main,gp_ei,1,7,133.00
main,gp_ei,1,8,133.00
main,gp_ei,1,9,133.00
main,gp_ei,1,10,133.00
main,gp_ei,1,11,133.00
main,gp_ei,1,12,133.00
main,gp_ei,1,13,133.00
main,gp_ei,1,14,133.00
main,gp_ei,1,15,133.00
main,gp_ei,1,16,133.00
main,gp_ei,1,17,135.00
main,gp_ei,1,18,135.00
main,gp_ei,1,19,135.00
main,gp_ei,1,20,135.00
main,gp_ei,2,1,113.00
main,gp_ei,2,2,120.00
main,gp_ei,2,3,120.00
main,gp_ei,2,4,120.00
main,gp_ei,2,5,120.00
main,gp_ei,2,6,120.00
main,gp_ei,2,7,122.50
main,gp_ei,2,8,122.50
main,gp_ei,2,9,122.50
main,gp_ei,2,10,122.50
main,gp_ei,2,11,122.50
main,gp_ei,2,12,122.50
main,gp_ei,2,13,132.25
main,gp_ei,2,14,132.25
main,gp_ei,2,15,133.50
main,gp_ei,2,16,133.50
main,gp_ei,2,17,133.50
main,gp_ei,2,18,133.50
main,gp_ei,2,19,133.50
main,gp_ei,2,20,133.50
main,gp_ei,3,1,113.00
main,gp_ei,3,2,128.00
main,gp_ei,3,3,128.00
main,gp_ei,3,4,132.25
main,gp_ei,3,5,132.25
main,gp_ei,3,6,132.25
main,gp_ei,3,7,132.25
main,gp_ei,3,8,132.25
main,gp_ei,3,9,132.25
main,gp_ei,3,10,132.25
main,gp_ei,3,11,133.00
main,gp_ei,3,12,133.00
main,gp_ei,3,13,133.60
main,gp_ei,3,14,133.60
main,gp_ei,3,15,133.60
main,gp_ei,3,16,133.60
main,gp_ei,3,17,133.60
main,gp_ei,3,18,133.60
main,gp_ei,3,19,133.60
main,gp_ei,3,20,133.60
main,gp_ei,4,1,93.20
main,gp_ei,4,2,97.00
main,gp_ei,4,3,97.00
main,gp_ei,4,4,97.00
main,gp_ei,4,5,97.00
main,gp_ei,4,6,97.00
main,gp_ei,4,7,97.00
main,gp_ei,4,8,97.00
main,gp_ei,4,9,97.00
main,gp_ei,4,10,97.00
main,gp_ei,4,11,97.00
main,gp_ei,4,12,97.00
main,gp_ei,4,13,97.00
main,gp_ei,4,14,97.00
main,gp_ei,4,15,97.00
main,gp_ei,4,16,97.00
main,gp_ei,4,17,97.00
main,gp_ei,4,18,97.00
main,gp_ei,4,19,97.00
main,gp_ei,4,20,97.00
main,gp_ei,5,1,107.00
main,gp_ei,5,2,107.00
main,gp_ei,5,3,117.20
main,gp_ei,5,4,117.20
main,gp_ei,5,5,117.20
main,gp_ei,5,6,128.00
main,gp_ei,5,7,133.00
main,gp_ei,5,8,133.60
main,gp_ei,5,9,133.60
main,gp_ei,5,10,133.60
main,gp_ei,5,11,133.60
main,gp_ei,5,12,133.60
main,gp_ei,5,13,133.60
main,gp_ei,5,14,133.60
main,gp_ei,5,15,133.60
main,gp_ei,5,16,133.60
main,gp_ei,5,17,133.60
main,gp_ei,5,18,133.60
main,gp_ei,5,19,133.60
main,gp_ei,5,20,133.60
main,gp_ei,6,1,115.00
main,gp_ei,6,2,123.00
main,gp_ei,6,3,128.00
main,gp_ei,6,4,132.25
main,gp_ei,6,5,132.25
main,gp_ei,6,6,132.25
main,gp_ei,6,7,132.25
main,gp_ei,6,8,132.25
main,gp_ei,6,9,133.00
main,gp_ei,6,10,133.00
main,gp_ei,6,11,133.60
main,gp_ei,6,12,133.60
main,gp_ei,6,13,133.60
main,gp_ei,6,14,133.60
main,gp_ei,6,15,133.60
main,gp_ei,6,16,133.60
main,gp_ei,6,17,133.60
main,gp_ei,6,18,133.60
main,gp_ei,6,19,133.60
main,gp_ei,6,20,133.60
main,gp_ei,7,1,107.50
main,gp_ei,7,2,111.00
main,gp_ei,7,3,122.50
main,gp_ei,7,4,122.50
main,gp_ei,7,5,122.50
main,gp_ei,7,6,122.50
main,gp_ei,7,7,122.50
main,gp_ei,7,8,122.50
main,gp_ei,7,9,122.50
main,gp_ei,7,10,122.50
main,gp_ei,7,11,130.00
main,gp_ei,7,12,130.00
main,gp_ei,7,13,130.00
main,gp_ei,7,14,130.00
main,gp_ei,7,15,130.00
main,gp_ei,7,16,130.00
main,gp_ei,7,17,130.00
main,gp_ei,7,18,130.00
main,gp_ei,7,19,130.00
main,gp_ei,7,20,130.00
main,gp_ei,8,1,83.30
main,gp_ei,8,2,100.00
main,gp_ei,8,3,100.00
main,gp_ei,8,4,100.00
main,gp_ei,8,5,100.00
main,gp_ei,8,6,100.00
main,gp_ei,8,7,100.00
main,gp_ei,8,8,100.00
main,gp_ei,8,9,100.00
main,gp_ei,8,10,100.00
main,gp_ei,8,11,100.00
main,gp_ei,8,12,100.00
main,gp_ei,8,13,100.00
main,gp_ei,8,14,100.00
main,gp_ei,8,15,100.00
main,gp_ei,8,16,100.00
main,gp_ei,8,17,100.00
main,gp_ei,8,18,107.00
main,gp_ei,8,19,107.00
main,gp_ei,8,20,122.00
main,gp_ei,9,1,117.20
main,gp_ei,9,2,117.20
main,gp_ei,9,3,120.00
main,gp_ei,9,4,120.00
main,gp_ei,9,5,135.00
main,gp_ei,9,6,135.00
main,gp_ei,9,7,135.00
main,gp_ei,9,8,135.00
main,gp_ei,9,9,135.80
main,gp_ei,9,10,135.80
main,gp_ei,9,11,135.80
main,gp_ei,9,12,135.80
main,gp_ei,9,13,135.80
main,gp_ei,9,14,135.80
main,gp_ei,9,15,135.80
main,gp_ei,9,16,135.80
main,gp_ei,9,17,135.80
main,gp_ei,9,18,135.80
main,gp_ei,9,19,135.80
main,gp_ei,9,20,135.80
hard,ei,0,1,37.58
hard,ei,0,2,38.60
hard,ei,0,3,38.60
hard,ei,0,4,44.55
hard,ei,0,5,44.55
hard,ei,0,6,44.55
hard,ei,0,7,44.55
hard,ei,0,8,44.55
hard,ei,0,9,44.55
hard,ei,0,10,44.55
hard,ei,0,11,44.55
hard,ei,0,12,44.55
hard,ei,0,13,44.55
hard,ei,0,14,49.00
hard,ei,0,15,49.00
hard,ei,0,16,54.00
hard,ei,0,17,54.00
hard,ei,0,18,54.00
hard,ei,0,19,54.00
hard,ei,0,20,54.00
hard,ei,1,1,37.70
hard,ei,1,2,37.70
hard,ei,1,3,37.70
hard,ei,1,4,38.60
hard,ei,1,5,38.60
hard,ei,1,6,38.60
hard,ei,1,7,38.60
hard,ei,1,8,38.60
hard,ei,1,9,50.00
hard,ei,1,10,54.00
hard,ei,1,11,54.00
hard,ei,1,12,54.00
hard,ei,1,13,54.00
hard,ei,1,14,54.00
hard,ei,1,15,54.00
hard,ei,1,16,54.00
hard,ei,1,17,55.00
hard,ei,1,18,55.30
hard,ei,1,19,55.30
hard,ei,1,20,55.30
hard,ei,2,1,38.40
hard,ei,2,2,38.40
hard,ei,2,3,38.50
hard,ei,2,4,38.50
hard,ei,2,5,38.50
hard,ei,2,6,38.50
hard,ei,2,7,38.50
hard,ei,2,8,38.50
hard,ei,2,9,50.00
hard,ei,2,10,54.00
hard,ei,2,11,55.00
hard,ei,2,12,55.25
hard,ei,2,13,55.30
hard,ei,2,14,55.30
hard,ei,2,15,55.60
hard,ei,2,16,55.60
hard,ei,2,17,55.60
hard,ei,2,18,55.60
hard,ei,2,19,55.60
hard,ei,2,20,55.60
hard,ei,3,1,37.58
hard,ei,3,2,37.58
hard,ei,3,3,37.80
hard,ei,3,4,37.80
hard,ei,3,5,37.80
hard,ei,3,6,38.40
hard,ei,3,7,38.40
hard,ei,3,8,38.40
hard,ei,3,9,41.40
hard,ei,3,10,50.00
hard,ei,3,11,50.00
hard,ei,3,12,50.00
hard,ei,3,13,50.00
hard,ei,3,14,50.00
hard,ei,3,15,50.00
hard,ei,3,16,50.00
hard,ei,3,17,50.00
hard,ei,3,18,55.00
hard,ei,3,19,55.25
hard,ei,3,20,55.25
hard,ei,4,1,39.00
hard,ei,4,2,39.00
hard,ei,4,3,42.00
hard,ei,4,4,46.00
hard,ei,4,5,46.00
hard,ei,4,6,46.00
hard,ei,4,7,46.00
hard,ei,4,8,46.00
hard,ei,4,9,46.00
hard,ei,4,10,46.00
hard,ei,4,11,46.00
hard,ei,4,12,46.00
hard,ei,4,13,55.00
hard,ei,4,14,55.25
hard,ei,4,15,55.25
hard,ei,4,16,55.25
hard,ei,4,17,55.25
hard,ei,4,18,55.60
hard,ei,4,19,55.60
hard,ei,4,20,55.60
hard,ei,5,1,30.25
hard,ei,5,2,30.25
hard,ei,5,3,30.25
hard,ei,5,4,45.00
hard,ei,5,5,55.25
hard,ei,5,6,55.25
hard,ei,5,7,55.25
hard,ei,5,8,55.25
hard,ei,5,9,55.25
hard,ei,5,10,55.30
hard,ei,5,11,55.30
hard,ei,5,12,55.30
hard,ei,5,13,55.60
hard,ei,5,14,55.60
hard,ei,5,15,55.60
hard,ei,5,16,55.60
hard,ei,5,17,55.60
hard,ei,5,18,55.60
hard,ei,5,19,55.60
hard,ei,5,20,55.60
hard,ei,6,1,36.60
hard,ei,6,2,37.60
hard,ei,6,3,37.60
hard,ei,6,4,37.60
hard,ei,6,5,37.60
hard,ei,6,6,38.00
hard,ei,6,7,45.00
hard,ei,6,8,55.60
hard,ei,6,9,55.60
hard,ei,6,10,55.60
hard,ei,6,11,55.60
hard,ei,6,12,55.60
hard,ei,6,13,55.60
hard,ei,6,14,55.60
hard,ei,6,15,55.60
hard,ei,6,16,55.60
hard,ei,6,17,55.60
hard,ei,6,18,55.60
hard,ei,6,19,55.60
hard,ei,6,20,55.60
hard,ei,7,1,41.00
hard,ei,7,2,44.55
hard,ei,7,3,44.55
hard,ei,7,4,53.50
hard,ei,7,5,54.00
hard,ei,7,6,54.00
hard,ei,7,7,54.00
hard,ei,7,8,55.00
hard,ei,7,9,55.25
hard,ei,7,10,55.30
hard,ei,7,11,55.60
hard,ei,7,12,55.60
hard,ei,7,13,55.60
hard,ei,7,14,55.60
hard,ei,7,15,55.60
hard,ei,7,16,55.60
hard,ei,7,17,55.60
hard,ei,7,18,55.60
hard,ei,7,19,55.60
hard,ei,7,20,55.60
hard,ei,8,1,54.00
hard,ei,8,2,54.00
hard,ei,8,3,55.00
hard,ei,8,4,55.00
hard,ei,8,5,55.00
hard,ei,8,6,55.30
hard,ei,8,7,55.30
hard,ei,8,8,55.30
hard,ei,8,9,55.60
hard,ei,8,10,55.60
hard,ei,8,11,55.60
hard,ei,8,12,55.60
hard,ei,8,13,55.60
hard,ei,8,14,55.60
hard,ei,8,15,55.60
hard,ei,8,16,55.60
hard,ei,8,17,55.60
hard,ei,8,18,55.60
hard,ei,8,19,55.60
hard,ei,8,20,55.60
hard,ei,9,1,55.25
hard,ei,9,2,55.25
hard,ei,9,3,55.30
hard,ei,9,4,55.30
hard,ei,9,5,55.30
hard,ei,9,6,55.30
hard,ei,9,7,55.30
hard,ei,9,8,55.30
hard,ei,9,9,55.60
hard,ei,9,10,55.60
hard,ei,9,11,55.60
hard,ei,9,12,55.60
hard,ei,9,13,55.60
hard,ei,9,14,55.60
hard,ei,9,15,55.60
hard,ei,9,16,55.60
hard,ei,9,17,55.60
hard,ei,9,18,55.60
hard,ei,9,19,55.60
hard,ei,9,20,55.60
hard,greedy_tabpfn,0,1,40.00
hard,greedy_tabpfn,0,2,40.00
hard,greedy_tabpfn,0,3,40.00
hard,greedy_tabpfn,0,4,41.40
hard,greedy_tabpfn,0,5,41.40
hard,greedy_tabpfn,0,6,41.40
hard,greedy_tabpfn,0,7,42.50
hard,greedy_tabpfn,0,8,42.50
hard,greedy_tabpfn,0,9,42.50
hard,greedy_tabpfn,0,10,44.55
hard,greedy_tabpfn,0,11,44.55
hard,greedy_tabpfn,0,12,44.55
hard,greedy_tabpfn,0,13,44.55
hard,greedy_tabpfn,0,14,44.55
hard,greedy_tabpfn,0,15,44.55
hard,greedy_tabpfn,0,16,44.55
hard,greedy_tabpfn,0,17,44.55
hard,greedy_tabpfn,0,18,44.55
hard,greedy_tabpfn,0,19,44.55
hard,greedy_tabpfn,0,20,44.55
hard,greedy_tabpfn,1,1,42.50
hard,greedy_tabpfn,1,2,42.50
hard,greedy_tabpfn,1,3,42.50
hard,greedy_tabpfn,1,4,42.50
hard,greedy_tabpfn,1,5,42.50
hard,greedy_tabpfn,1,6,42.50
hard,greedy_tabpfn,1,7,42.50
hard,greedy_tabpfn,1,8,42.50
hard,greedy_tabpfn,1,9,42.50
hard,greedy_tabpfn,1,10,42.50
hard,greedy_tabpfn,1,11,44.55
hard,greedy_tabpfn,1,12,44.55
hard,greedy_tabpfn,1,13,44.55
hard,greedy_tabpfn,1,14,44.55
hard,greedy_tabpfn,1,15,44.55
hard,greedy_tabpfn,1,16,44.55
hard,greedy_tabpfn,1,17,44.55
hard,greedy_tabpfn,1,18,44.55
hard,greedy_tabpfn,1,19,44.55
hard,greedy_tabpfn,1,20,44.55
hard,greedy_tabpfn,2,1,38.50
hard,greedy_tabpfn,2,2,38.50
hard,greedy_tabpfn,2,3,38.60
hard,greedy_tabpfn,2,4,38.60
hard,greedy_tabpfn,2,5,38.60
hard,greedy_tabpfn,2,6,41.40
hard,greedy_tabpfn,2,7,41.40
hard,greedy_tabpfn,2,8,41.40
hard,greedy_tabpfn,2,9,41.40
hard,greedy_tabpfn,2,10,41.40
hard,greedy_tabpfn,2,11,41.40
hard,greedy_tabpfn,2,12,41.40
hard,greedy_tabpfn,2,13,41.40
hard,greedy_tabpfn,2,14,41.40
hard,greedy_tabpfn,2,15,41.40
hard,greedy_tabpfn,2,16,41.40
hard,greedy_tabpfn,2,17,41.40
hard,greedy_tabpfn,2,18,41.40
hard,greedy_tabpfn,2,19,41.40
hard,greedy_tabpfn,2,20,41.40
hard,greedy_tabpfn,3,1,37.80
hard,greedy_tabpfn,3,2,38.60
hard,greedy_tabpfn,3,3,38.60
hard,greedy_tabpfn,3,4,41.40
hard,greedy_tabpfn,3,5,41.40
hard,greedy_tabpfn,3,6,41.40
hard,greedy_tabpfn,3,7,41.40
hard,greedy_tabpfn,3,8,41.40
hard,greedy_tabpfn,3,9,41.40
hard,greedy_tabpfn,3,10,41.40
hard,greedy_tabpfn,3,11,41.40
hard,greedy_tabpfn,3,12,41.40
hard,greedy_tabpfn,3,13,41.40
hard,greedy_tabpfn,3,14,41.40
hard,greedy_tabpfn,3,15,41.40
hard,greedy_tabpfn,3,16,41.40
hard,greedy_tabpfn,3,17,41.40
hard,greedy_tabpfn,3,18,41.40
hard,greedy_tabpfn,3,19,41.40
hard,greedy_tabpfn,3,20,41.40
hard,greedy_tabpfn,4,1,46.60
hard,greedy_tabpfn,4,2,50.00
hard,greedy_tabpfn,4,3,53.00
hard,greedy_tabpfn,4,4,54.00
hard,greedy_tabpfn,4,5,54.00
hard,greedy_tabpfn,4,6,55.00
hard,greedy_tabpfn,4,7,55.30
hard,greedy_tabpfn,4,8,55.30
hard,greedy_tabpfn,4,9,55.30
hard,greedy_tabpfn,4,10,55.30
hard,greedy_tabpfn,4,11,55.30
hard,greedy_tabpfn,4,12,55.30
hard,greedy_tabpfn,4,13,55.60
hard,greedy_tabpfn,4,14,55.60
hard,greedy_tabpfn,4,15,55.60
hard,greedy_tabpfn,4,16,55.60
hard,greedy_tabpfn,4,17,55.60
hard,greedy_tabpfn,4,18,55.60
hard,greedy_tabpfn,4,19,55.60
hard,greedy_tabpfn,4,20,55.60
hard,greedy_tabpfn,5,1,30.25
hard,greedy_tabpfn,5,2,30.25
hard,greedy_tabpfn,5,3,35.60
hard,greedy_tabpfn,5,4,53.50
hard,greedy_tabpfn,5,5,54.00
hard,greedy_tabpfn,5,6,54.00
hard,greedy_tabpfn,5,7,54.00
hard,greedy_tabpfn,5,8,54.00
hard,greedy_tabpfn,5,9,54.00
hard,greedy_tabpfn,5,10,55.00
hard,greedy_tabpfn,5,11,55.00
hard,greedy_tabpfn,5,12,55.30
hard,greedy_tabpfn,5,13,55.60
hard,greedy_tabpfn,5,14,55.60
hard,greedy_tabpfn,5,15,55.60
hard,greedy_tabpfn,5,16,55.60
hard,greedy_tabpfn,5,17,55.60
hard,greedy_tabpfn,5,18,55.60
hard,greedy_tabpfn,5,19,55.60
hard,greedy_tabpfn,5,20,55.60
hard,greedy_tabpfn,6,1,36.60
hard,greedy_tabpfn,6,2,38.25
hard,greedy_tabpfn,6,3,38.50
hard,greedy_tabpfn,6,4,39.00
hard,greedy_tabpfn,6,5,41.40
hard,greedy_tabpfn,6,6,41.40
hard,greedy_tabpfn,6,7,41.40
hard,greedy_tabpfn,6,8,41.40
hard,greedy_tabpfn,6,9,41.40
hard,greedy_tabpfn,6,10,41.40
hard,greedy_tabpfn,6,11,41.40
hard,greedy_tabpfn,6,12,41.40
hard,greedy_tabpfn,6,13,41.40
hard,greedy_tabpfn,6,14,41.40
hard,greedy_tabpfn,6,15,41.40
hard,greedy_tabpfn,6,16,41.40
hard,greedy_tabpfn,6,17,41.40
hard,greedy_tabpfn,6,18,41.40
hard,greedy_tabpfn,6,19,50.55
hard,greedy_tabpfn,6,20,50.55
hard,greedy_tabpfn,7,1,38.00
hard,greedy_tabpfn,7,2,38.00
hard,greedy_tabpfn,7,3,38.00
hard,greedy_tabpfn,7,4,40.00
hard,greedy_tabpfn,7,5,44.00
hard,greedy_tabpfn,7,6,46.00
hard,greedy_tabpfn,7,7,46.00
hard,greedy_tabpfn,7,8,46.00
hard,greedy_tabpfn,7,9,46.00
hard,greedy_tabpfn,7,10,46.00
hard,greedy_tabpfn,7,11,46.00
hard,greedy_tabpfn,7,12,46.00
hard,greedy_tabpfn,7,13,46.00
hard,greedy_tabpfn,7,14,49.70
hard,greedy_tabpfn,7,15,55.00
hard,greedy_tabpfn,7,16,55.00
hard,greedy_tabpfn,7,17,55.00
hard,greedy_tabpfn,7,18,55.60
hard,greedy_tabpfn,7,19,55.60
hard,greedy_tabpfn,7,20,55.60
hard,greedy_tabpfn,8,1,37.40
hard,greedy_tabpfn,8,2,37.70
hard,greedy_tabpfn,8,3,37.95
hard,greedy_tabpfn,8,4,38.50
hard,greedy_tabpfn,8,5,38.50
hard,greedy_tabpfn,8,6,41.40
hard,greedy_tabpfn,8,7,41.40
hard,greedy_tabpfn,8,8,41.40
hard,greedy_tabpfn,8,9,41.40
hard,greedy_tabpfn,8,10,41.40
hard,greedy_tabpfn,8,11,41.40
hard,greedy_tabpfn,8,12,41.40
hard,greedy_tabpfn,8,13,41.40
hard,greedy_tabpfn,8,14,41.40
hard,greedy_tabpfn,8,15,41.40
hard,greedy_tabpfn,8,16,41.40
hard,greedy_tabpfn,8,17,41.40
hard,greedy_tabpfn,8,18,46.80
hard,greedy_tabpfn,8,19,50.00
hard,greedy_tabpfn,8,20,50.00
hard,greedy_tabpfn,9,1,55.00
hard,greedy_tabpfn,9,2,55.25
hard,greedy_tabpfn,9,3,55.25
hard,greedy_tabpfn,9,4,55.25
hard,greedy_tabpfn,9,5,55.25
hard,greedy_tabpfn,9,6,55.25
hard,greedy_tabpfn,9,7,55.25
hard,greedy_tabpfn,9,8,55.25
hard,greedy_tabpfn,9,9,55.25
hard,greedy_tabpfn,9,10,55.60
hard,greedy_tabpfn,9,11,55.60
hard,greedy_tabpfn,9,12,55.60
hard,greedy_tabpfn,9,13,55.60
hard,greedy_tabpfn,9,14,55.60
hard,greedy_tabpfn,9,15,55.60
hard,greedy_tabpfn,9,16,55.60
hard,greedy_tabpfn,9,17,55.60
hard,greedy_tabpfn,9,18,55.60
hard,greedy_tabpfn,9,19,55.60
hard,greedy_tabpfn,9,20,55.60
hard,greedy_xgb,0,1,38.60
hard,greedy_xgb,0,2,38.60
hard,greedy_xgb,0,3,38.60
hard,greedy_xgb,0,4,38.60
hard,greedy_xgb,0,5,38.60
hard,greedy_xgb,0,6,41.40
hard,greedy_xgb,0,7,41.40
hard,greedy_xgb,0,8,41.40
hard,greedy_xgb,0,9,41.40
hard,greedy_xgb,0,10,44.55
hard,greedy_xgb,0,11,44.55
hard,greedy_xgb,0,12,44.55
hard,greedy_xgb,0,13,44.55
hard,greedy_xgb,0,14,44.55
hard,greedy_xgb,0,15,44.55
hard,greedy_xgb,0,16,44.55
hard,greedy_xgb,0,17,44.55
hard,greedy_xgb,0,18,44.55
hard,greedy_xgb,0,19,47.20
hard,greedy_xgb,0,20,47.20
hard,greedy_xgb,1,1,42.50
hard,greedy_xgb,1,2,42.50
hard,greedy_xgb,1,3,42.50
hard,greedy_xgb,1,4,42.50
hard,greedy_xgb,1,5,42.50
hard,greedy_xgb,1,6,42.50
hard,greedy_xgb,1,7,42.50
hard,greedy_xgb,1,8,42.50
hard,greedy_xgb,1,9,42.50
hard,greedy_xgb,1,10,42.50
hard,greedy_xgb,1,11,42.50
hard,greedy_xgb,1,12,42.50
hard,greedy_xgb,1,13,42.50
hard,greedy_xgb,1,14,42.50
hard,greedy_xgb,1,15,42.50
hard,greedy_xgb,1,16,42.50
hard,greedy_xgb,1,17,42.50
hard,greedy_xgb,1,18,42.50
hard,greedy_xgb,1,19,42.50
hard,greedy_xgb,1,20,42.50
hard,greedy_xgb,2,1,38.40
hard,greedy_xgb,2,2,39.00
hard,greedy_xgb,2,3,41.40
hard,greedy_xgb,2,4,41.40
hard,greedy_xgb,2,5,41.40
hard,greedy_xgb,2,6,41.40
hard,greedy_xgb,2,7,41.40
hard,greedy_xgb,2,8,41.40
hard,greedy_xgb,2,9,41.40
hard,greedy_xgb,2,10,41.40
hard,greedy_xgb,2,11,41.40
hard,greedy_xgb,2,12,41.40
hard,greedy_xgb,2,13,41.40
hard,greedy_xgb,2,14,41.40
hard,greedy_xgb,2,15,41.40
hard,greedy_xgb,2,16,41.40
hard,greedy_xgb,2,17,41.40
hard,greedy_xgb,2,18,41.40
hard,greedy_xgb,2,19,41.40
hard,greedy_xgb,2,20,41.40
hard,greedy_xgb,3,1,37.80
hard,greedy_xgb,3,2,38.60
hard,greedy_xgb,3,3,38.60
hard,greedy_xgb,3,4,38.60
hard,greedy_xgb,3,5,38.60
hard,greedy_xgb,3,6,38.60
hard,greedy_xgb,3,7,38.60
hard,greedy_xgb,3,8,41.40
hard,greedy_xgb,3,9,41.40
hard,greedy_xgb,3,10,41.40
hard,greedy_xgb,3,11,41.40
hard,greedy_xgb,3,12,41.40
hard,greedy_xgb,3,13,41.40
hard,greedy_xgb,3,14,41.40
hard,greedy_xgb,3,15,41.40
hard,greedy_xgb,3,16,41.40
hard,greedy_xgb,3,17,41.40
hard,greedy_xgb,3,18,41.40
hard,greedy_xgb,3,19,41.40
hard,greedy_xgb,3,20,41.40
hard,greedy_xgb,4,1,53.00
hard,greedy_xgb,4,2,54.00
hard,greedy_xgb,4,3,54.00
hard,greedy_xgb,4,4,55.00
hard,greedy_xgb,4,5,55.00
hard,greedy_xgb,4,6,55.00
hard,greedy_xgb,4,7,55.30
hard,greedy_xgb,4,8,55.60
hard,greedy_xgb,4,9,55.60
hard,greedy_xgb,4,10,55.60
hard,greedy_xgb,4,11,55.60
hard,greedy_xgb,4,12,55.60
hard,greedy_xgb,4,13,55.60
hard,greedy_xgb,4,14,55.60
hard,greedy_xgb,4,15,55.60
hard,greedy_xgb,4,16,55.60
hard,greedy_xgb,4,17,55.60
hard,greedy_xgb,4,18,55.60
hard,greedy_xgb,4,19,55.60
hard,greedy_xgb,4,20,55.60
hard,greedy_xgb,5,1,30.25
hard,greedy_xgb,5,2,38.80
hard,greedy_xgb,5,3,55.00
hard,greedy_xgb,5,4,55.00
hard,greedy_xgb,5,5,55.00
hard,greedy_xgb,5,6,55.30
hard,greedy_xgb,5,7,55.30
hard,greedy_xgb,5,8,55.30
hard,greedy_xgb,5,9,55.60
hard,greedy_xgb,5,10,55.60
hard,greedy_xgb,5,11,55.60
hard,greedy_xgb,5,12,55.60
hard,greedy_xgb,5,13,55.60
hard,greedy_xgb,5,14,55.60
hard,greedy_xgb,5,15,55.60
hard,greedy_xgb,5,16,55.60
hard,greedy_xgb,5,17,55.60
hard,greedy_xgb,5,18,55.60
hard,greedy_xgb,5,19,55.60
hard,greedy_xgb,5,20,55.60
hard,greedy_xgb,6,1,38.00
hard,greedy_xgb,6,2,38.25
hard,greedy_xgb,6,3,42.00
hard,greedy_xgb,6,4,46.40
hard,greedy_xgb,6,5,54.85
hard,greedy_xgb,6,6,55.30
hard,greedy_xgb,6,7,55.30
hard,greedy_xgb,6,8,55.30
hard,greedy_xgb,6,9,55.30
hard,greedy_xgb,6,10,55.30
hard,greedy_xgb,6,11,55.60
hard,greedy_xgb,6,12,55.60
hard,greedy_xgb,6,13,55.60
hard,greedy_xgb,6,14,55.60
hard,greedy_xgb,6,15,55.60
hard,greedy_xgb,6,16,55.60
hard,greedy_xgb,6,17,55.60
hard,greedy_xgb,6,18,55.60
hard,greedy_xgb,6,19,55.60
hard,greedy_xgb,6,20,55.60
hard,greedy_xgb,7,1,33.90
hard,greedy_xgb,7,2,37.40
hard,greedy_xgb,7,3,37.40
hard,greedy_xgb,7,4,40.00
hard,greedy_xgb,7,5,44.00
hard,greedy_xgb,7,6,44.00
hard,greedy_xgb,7,7,46.00
hard,greedy_xgb,7,8,46.00
hard,greedy_xgb,7,9,47.20
hard,greedy_xgb,7,10,47.20
hard,greedy_xgb,7,11,47.20
hard,greedy_xgb,7,12,47.20
hard,greedy_xgb,7,13,49.00
hard,greedy_xgb,7,14,49.00
hard,greedy_xgb,7,15,49.00
hard,greedy_xgb,7,16,49.00
hard,greedy_xgb,7,17,50.00
hard,greedy_xgb,7,18,54.00
hard,greedy_xgb,7,19,54.00
hard,greedy_xgb,7,20,54.00
hard,greedy_xgb,8,1,37.60
hard,greedy_xgb,8,2,50.00
hard,greedy_xgb,8,3,55.00
hard,greedy_xgb,8,4,55.00
hard,greedy_xgb,8,5,55.00
hard,greedy_xgb,8,6,55.25
hard,greedy_xgb,8,7,55.25
hard,greedy_xgb,8,8,55.25
hard,greedy_xgb,8,9,55.25
hard,greedy_xgb,8,10,55.25
hard,greedy_xgb,8,11,55.30
hard,greedy_xgb,8,12,55.30
hard,greedy_xgb,8,13,55.30
hard,greedy_xgb,8,14,55.60
hard,greedy_xgb,8,15,55.60
hard,greedy_xgb,8,16,55.60
hard,greedy_xgb,8,17,55.60
hard,greedy_xgb,8,18,55.60
hard,greedy_xgb,8,19,55.60
hard,greedy_xgb,8,20,55.60
hard,greedy_xgb,9,1,54.85
hard,greedy_xgb,9,2,55.30
hard,greedy_xgb,9,3,55.30
hard,greedy_xgb,9,4,55.30
hard,greedy_xgb,9,5,55.30
hard,greedy_xgb,9,6,55.30
hard,greedy_xgb,9,7,55.30
hard,greedy_xgb,9,8,55.60
hard,greedy_xgb,9,9,55.60
hard,greedy_xgb,9,10,55.60
hard,greedy_xgb,9,11,55.60
hard,greedy_xgb,9,12,55.60
hard,greedy_xgb,9,13,55.60
hard,greedy_xgb,9,14,55.60
hard,greedy_xgb,9,15,55.60
hard,greedy_xgb,9,16,55.60
hard,greedy_xgb,9,17,55.60
hard,greedy_xgb,9,18,55.60
hard,greedy_xgb,9,19,55.60
hard,greedy_xgb,9,20,55.60
hard,gp_ei,0,1,38.00
hard,gp_ei,0,2,38.50
hard,gp_ei,0,3,38.50
hard,gp_ei,0,4,38.50
hard,gp_ei,0,5,38.60
hard,gp_ei,0,6,41.40
hard,gp_ei,0,7,41.40
hard,gp_ei,0,8,41.40
hard,gp_ei,0,9,41.40
hard,gp_ei,0,10,41.40
hard,gp_ei,0,11,41.40
hard,gp_ei,0,12,41.40
hard,gp_ei,0,13,41.40
hard,gp_ei,0,14,41.40
hard,gp_ei,0,15,41.40
hard,gp_ei,0,16,41.40
hard,gp_ei,0,17,41.40
hard,gp_ei,0,18,44.55
hard,gp_ei,0,19,44.55
hard,gp_ei,0,20,44.55
hard,gp_ei,1,1,42.50
hard,gp_ei,1,2,42.50
hard,gp_ei,1,3,44.55
hard,gp_ei,1,4,44.55
hard,gp_ei,1,5,44.55
hard,gp_ei,1,6,44.55
hard,gp_ei,1,7,44.55
hard,gp_ei,1,8,44.55
hard,gp_ei,1,9,44.55
hard,gp_ei,1,10,44.55
hard,gp_ei,1,11,44.55
hard,gp_ei,1,12,44.55
hard,gp_ei,1,13,44.55
hard,gp_ei,1,14,44.55
hard,gp_ei,1,15,44.55
hard,gp_ei,1,16,44.55
hard,gp_ei,1,17,44.55
hard,gp_ei,1,18,44.55
hard,gp_ei,1,19,50.00
hard,gp_ei,1,20,50.00
hard,gp_ei,2,1,38.40
hard,gp_ei,2,2,38.40
hard,gp_ei,2,3,38.40
hard,gp_ei,2,4,38.60
hard,gp_ei,2,5,38.60
hard,gp_ei,2,6,41.40
hard,gp_ei,2,7,41.40
hard,gp_ei,2,8,41.40
hard,gp_ei,2,9,41.40
hard,gp_ei,2,10,41.40
hard,gp_ei,2,11,41.40
hard,gp_ei,2,12,41.40
hard,gp_ei,2,13,41.40
hard,gp_ei,2,14,41.40
hard,gp_ei,2,15,41.40
hard,gp_ei,2,16,41.40
hard,gp_ei,2,17,41.40
hard,gp_ei,2,18,41.40
hard,gp_ei,2,19,41.40
hard,gp_ei,2,20,41.40
hard,gp_ei,3,1,38.40
hard,gp_ei,3,2,38.50
hard,gp_ei,3,3,38.60
hard,gp_ei,3,4,41.40
hard,gp_ei,3,5,41.40
hard,gp_ei,3,6,41.40
hard,gp_ei,3,7,41.40
hard,gp_ei,3,8,41.40
hard,gp_ei,3,9,41.40
hard,gp_ei,3,10,41.40
hard,gp_ei,3,11,41.40
hard,gp_ei,3,12,41.40
hard,gp_ei,3,13,41.40
hard,gp_ei,3,14,41.40
hard,gp_ei,3,15,41.40
hard,gp_ei,3,16,41.40
hard,gp_ei,3,17,41.40
hard,gp_ei,3,18,41.40
hard,gp_ei,3,19,41.40
hard,gp_ei,3,20,41.40
hard,gp_ei,4,1,53.70
hard,gp_ei,4,2,54.00
hard,gp_ei,4,3,54.00
hard,gp_ei,4,4,54.00
hard,gp_ei,4,5,54.00
hard,gp_ei,4,6,54.00
hard,gp_ei,4,7,55.00
hard,gp_ei,4,8,55.25
hard,gp_ei,4,9,55.30
hard,gp_ei,4,10,55.30
hard,gp_ei,4,11,55.30
hard,gp_ei,4,12,55.30
hard,gp_ei,4,13,55.30
hard,gp_ei,4,14,55.30
hard,gp_ei,4,15,55.30
hard,gp_ei,4,16,55.30
hard,gp_ei,4,17,55.30
hard,gp_ei,4,18,55.30
hard,gp_ei,4,19,55.30
hard,gp_ei,4,20,55.30
hard,gp_ei,5,1,30.25
hard,gp_ei,5,2,30.25
hard,gp_ei,5,3,30.25
hard,gp_ei,5,4,38.00
hard,gp_ei,5,5,38.00
hard,gp_ei,5,6,40.00
hard,gp_ei,5,7,40.60
hard,gp_ei,5,8,54.00
hard,gp_ei,5,9,54.00
hard,gp_ei,5,10,54.00
hard,gp_ei,5,11,54.00
hard,gp_ei,5,12,55.00
hard,gp_ei,5,13,55.25
hard,gp_ei,5,14,55.30
hard,gp_ei,5,15,55.30
hard,gp_ei,5,16,55.30
hard,gp_ei,5,17,55.30
hard,gp_ei,5,18,55.30
hard,gp_ei,5,19,55.30
hard,gp_ei,5,20,55.30
hard,gp_ei,6,1,38.25
hard,gp_ei,6,2,38.60
hard,gp_ei,6,3,41.40
hard,gp_ei,6,4,41.40
hard,gp_ei,6,5,41.40
hard,gp_ei,6,6,41.40
hard,gp_ei,6,7,41.40
hard,gp_ei,6,8,41.40
hard,gp_ei,6,9,41.40
hard,gp_ei,6,10,41.40
hard,gp_ei,6,11,41.40
hard,gp_ei,6,12,41.40
hard,gp_ei,6,13,41.40
hard,gp_ei,6,14,41.40
hard,gp_ei,6,15,41.40
hard,gp_ei,6,16,41.40
hard,gp_ei,6,17,41.40
hard,gp_ei,6,18,41.40
hard,gp_ei,6,19,41.40
hard,gp_ei,6,20,41.40
hard,gp_ei,7,1,33.90
hard,gp_ei,7,2,33.90
hard,gp_ei,7,3,40.00
hard,gp_ei,7,4,40.00
hard,gp_ei,7,5,40.00
hard,gp_ei,7,6,40.00
hard,gp_ei,7,7,40.00
hard,gp_ei,7,8,40.00
hard,gp_ei,7,9,40.00
hard,gp_ei,7,10,40.00
hard,gp_ei,7,11,44.00
hard,gp_ei,7,12,44.00
hard,gp_ei,7,13,44.00
hard,gp_ei,7,14,44.00
hard,gp_ei,7,15,44.00
hard,gp_ei,7,16,44.00
hard,gp_ei,7,17,44.00
hard,gp_ei,7,18,44.00
hard,gp_ei,7,19,44.00
hard,gp_ei,7,20,44.00
hard,gp_ei,8,1,37.70
hard,gp_ei,8,2,39.00
hard,gp_ei,8,3,39.00
hard,gp_ei,8,4,39.00
hard,gp_ei,8,5,39.00
hard,gp_ei,8,6,39.00
hard,gp_ei,8,7,39.00
hard,gp_ei,8,8,40.00
hard,gp_ei,8,9,40.00
hard,gp_ei,8,10,54.00
hard,gp_ei,8,11,54.00
hard,gp_ei,8,12,55.00
hard,gp_ei,8,13,55.25
hard,gp_ei,8,14,55.25
hard,gp_ei,8,15,55.25
hard,gp_ei,8,16,55.25
hard,gp_ei,8,17,55.25
hard,gp_ei,8,18,55.60
hard,gp_ei,8,19,55.60
hard,gp_ei,8,20,55.60
hard,gp_ei,9,1,53.50
hard,gp_ei,9,2,55.00
hard,gp_ei,9,3,55.30
hard,gp_ei,9,4,55.30
hard,gp_ei,9,5,55.30
hard,gp_ei,9,6,55.30
hard,gp_ei,9,7,55.30
hard,gp_ei,9,8,55.30
hard,gp_ei,9,9,55.30
hard,gp_ei,9,10,55.30
hard,gp_ei,9,11,55.30
hard,gp_ei,9,12,55.30
hard,gp_ei,9,13,55.30
hard,gp_ei,9,14,55.30
hard,gp_ei,9,15,55.30
hard,gp_ei,9,16,55.30
hard,gp_ei,9,17,55.30
hard,gp_ei,9,18,55.30
hard,gp_ei,9,19,55.60
hard,gp_ei,9,20,55.60
