scenario,seed,acquisition,pred_mean,pred_upper_spread,p_top1,realised_tc,targets,share_target_chem
main,0,ei,65.8327,32.9038,0.0376,66.7100,0,1.0000
main,0,greedy_tabpfn,82.8577,14.4507,0.0159,79.4320,0,0.4000
main,1,ei,60.7181,40.5005,0.0259,9.7500,0,0.6000
main,1,greedy_tabpfn,96.4899,6.8893,0.0034,121.0510,6,1.0000
main,2,ei,78.0511,29.3976,0.0534,49.3585,0,0.1000
main,2,greedy_tabpfn,98.2937,4.5386,0.0019,97.9000,0,0.0000
main,3,ei,95.8586,24.2242,0.1135,117.4600,5,1.0000
main,3,greedy_tabpfn,98.3771,18.3349,0.0637,113.5425,3,0.4000
main,4,ei,55.2203,37.7323,0.0497,64.9950,0,0.4000
main,4,greedy_tabpfn,70.5349,25.6273,0.0226,86.0500,0,0.0000
main,5,ei,74.2873,40.8647,0.0860,68.3700,0,0.0000
main,5,greedy_tabpfn,85.0254,27.1138,0.0505,103.6625,0,0.0000
main,6,ei,83.7275,34.5793,0.0957,66.0990,0,0.7000
main,6,greedy_tabpfn,106.1870,11.6690,0.0620,115.2350,3,1.0000
main,7,ei,34.5779,44.8526,0.0342,7.4420,0,0.0000
main,7,greedy_tabpfn,97.1676,17.0264,0.0614,101.9250,0,0.0000
main,8,ei,30.4691,32.0847,0.0173,47.2800,0,0.0000
main,8,greedy_tabpfn,52.2827,31.6135,0.0122,80.4300,0,0.0000
main,9,ei,85.1824,35.8202,0.1251,95.9600,0,0.9000
main,9,greedy_tabpfn,96.0384,26.1814,0.1378,120.8600,7,1.0000
hard,0,ei,16.0248,19.0839,0.0574,2.6750,0,0.0000
hard,0,greedy_tabpfn,30.1180,10.2451,0.0598,35.2600,0,0.5000
hard,1,ei,17.5147,18.1937,0.0407,8.7260,0,0.3000
hard,1,greedy_tabpfn,27.9988,11.8297,0.0404,36.7800,0,0.1000
hard,2,ei,16.6147,19.3052,0.0388,5.0565,0,0.0000
hard,2,greedy_tabpfn,30.3436,9.6619,0.0262,37.0450,0,0.0000
hard,3,ei,15.8116,15.9228,0.0564,10.0540,0,0.2000
hard,3,greedy_tabpfn,25.9763,16.7392,0.0863,30.3750,0,0.7000
hard,4,ei,20.7947,17.2925,0.0552,18.1280,0,0.5000
hard,4,greedy_tabpfn,27.5777,11.2845,0.0414,27.6700,1,1.0000
hard,5,ei,25.2986,11.4290,0.0560,19.9525,0,1.0000
hard,5,greedy_tabpfn,25.5496,10.8858,0.0532,22.9380,0,1.0000
hard,6,ei,26.3385,14.2444,0.0803,18.2020,0,0.0000
hard,6,greedy_tabpfn,31.6008,10.6594,0.0791,30.2350,0,0.0000
hard,7,ei,28.8345,10.6472,0.0553,22.1145,0,1.0000
hard,7,greedy_tabpfn,30.7794,6.8304,0.0301,16.5000,0,1.0000
hard,8,ei,26.2644,18.6642,0.1081,28.3430,3,0.8000
hard,8,greedy_tabpfn,29.4608,14.9458,0.1027,24.6800,0,0.6000
hard,9,ei,35.2075,20.5694,0.1941,41.3880,6,1.0000
hard,9,greedy_tabpfn,35.8122,18.5435,0.1922,40.4630,5,1.0000
