features,grouping,group,rows,share_of_rows,rmse_tabpfn,rmse_xgb,rmse_diff_per_split_mean,rmse_diff_lo,rmse_diff_hi,splits,splits_tabpfn_better,row_win_rate_tabpfn,share_of_mse_advantage
composition,distance,< 0.01,72162,0.4072,8.9215,9.6332,-0.7145,-0.7889,-0.6401,25,25,0.5964,0.3067
composition,distance,0.01-0.05,56223,0.3173,8.8936,10.1912,-1.2947,-1.3927,-1.1968,25,25,0.6495,0.4480
composition,distance,0.05-0.1,18522,0.1045,8.9874,9.8802,-0.8845,-1.0358,-0.7332,25,25,0.6615,0.1004
composition,distance,0.1-0.2,13816,0.0780,9.6850,10.4478,-0.7686,-1.0503,-0.4870,25,22,0.6558,0.0683
composition,distance,>= 0.2,16471,0.0930,8.8096,9.5949,-0.8085,-1.0345,-0.5825,25,24,0.6422,0.0766
engineered,distance,< 0.01,72162,0.4072,9.1856,9.6312,-0.4456,-0.5056,-0.3856,25,25,0.5810,0.2546
engineered,distance,0.01-0.05,56223,0.3173,8.8191,9.7683,-0.9480,-1.0387,-0.8573,25,25,0.6417,0.4174
engineered,distance,0.05-0.1,18522,0.1045,8.9006,9.7681,-0.8711,-1.0370,-0.7051,25,25,0.6558,0.1262
engineered,distance,0.1-0.2,13816,0.0780,9.4327,10.2822,-0.8560,-1.0574,-0.6547,25,25,0.6414,0.0974
engineered,distance,>= 0.2,16471,0.0930,8.6307,9.4636,-0.8476,-1.0666,-0.6286,25,24,0.6396,0.1045
