split_kind,held_out,model,spearman_width_distance,spearman_width_knn10_tc_sd,spearman_width_abs_error
grouped,all,conformal,,,
grouped,all,quantile_regression,-0.2850,0.8269,0.6404
grouped,all,tabpfn,-0.1857,0.8311,0.7397
leave_family_out,cuprate,conformal,,,
leave_family_out,cuprate,quantile_regression,-0.1579,-0.2328,0.2600
leave_family_out,cuprate,tabpfn,-0.4491,0.4171,0.0193
leave_family_out,iron-based,conformal,,,
leave_family_out,iron-based,quantile_regression,-0.1420,0.2757,0.2482
leave_family_out,iron-based,tabpfn,0.0480,0.0889,-0.0274
leave_family_out,other,conformal,,,
leave_family_out,other,quantile_regression,0.0834,0.0918,0.4274
leave_family_out,other,tabpfn,0.4141,0.5190,0.6713
