key,formula,family,n_rows,tc_median,tabpfn_pred,xgb_pred,tabpfn_abs_err,xgb_abs_err,nn_distance,nn_tc,oxygen_missing,tc_range_within_material,suspect_phase1
H:0.666667 S:0.333333,H2S1,other,2,122.5,7.208,13.05,115.3,109.4,0.7387,10.38,False,125,non-cuprate above 77 K
H:0.200000 O:0.600000 W:0.200000,H1W1O3,other,1,120,5.858,2.72,114.1,117.3,0.3051,2.756,False,0,non-cuprate above 77 K
O:0.740741 Na:0.012346 W:0.246914,Na0.05W1O3,other,1,91,3.024,2.265,87.98,88.74,0.02469,3.985,False,0,non-cuprate above 77 K
H:0.015385 C:0.938462 Br:0.046154,H1Br3C61,other,1,115,29.72,42.54,85.28,72.46,0.0951,75.94,False,0,non-cuprate above 77 K
O:0.524941 Ca:0.142518 Cu:0.223278 Ge:0.014252 Sr:0.095012,Ge0.3Cu0.7Sr2Ca3Cu4O11.05,cuprate,1,7,84.73,85.96,77.73,78.96,0.03471,81.67,False,0,
O:0.600000 Cu:0.200000 Ba:0.120000 Eu:0.080000,Eu0.4Ba0.6Cu1O3,cuprate,1,8,79.54,73.49,71.54,65.49,0.1111,36,False,0,
O:0.125000 Ca:0.125000 Cu:0.250000 Sb:0.125000 Ba:0.250000 Pb:0.125000,Sb1Pb1Ca1Ba2Cu2O,cuprate,1,25,94.97,91.8,69.97,66.8,0.5,101.8,True,0,
O:0.526316 Ca:0.105263 Cu:0.157895 Sr:0.105263 Tl:0.105263,Tl2Sr2Ca2Cu3O10,cuprate,1,16,81.31,79.13,65.31,63.13,0.095,75.3,False,0,
O:0.600000 Cu:0.200000 Ba:0.120000 Gd:0.080000,Gd0.4Ba0.6Cu1O3,cuprate,1,13,77.53,62.31,64.53,49.31,0.06658,52.17,False,0,
O:0.103093 Ca:0.206186 Fe:0.020619 Cu:0.288660 Sr:0.206186 Pb:0.020619 Bi:0.154639,Bi1.5Pb0.2Sr2Ca2Cu2.8Fe0.2O,cuprate,1,24,87.99,90.31,63.99,66.31,0.04124,101.9,True,0,
O:0.314442 Ni:0.001828 Cu:0.135283 Sm:0.548446,Sm12Cu2.96Ni0.04O6.88,cuprate,1,83,21.62,26.25,61.38,56.75,0.5641,5.889,False,0,
O:0.166667 Cu:0.166667 Ba:0.333333 Tl:0.333333,Tl2Ba2Cu1O,cuprate,1,10,71.36,80.67,61.36,70.67,0.1946,85.72,True,0,
O:0.333333 Cu:0.333333 Ba:0.200000 Sm:0.133333,Sm0.4Ba0.6Cu1O,cuprate,1,18,78.78,67.09,60.78,49.09,0.2667,88.4,True,0,
O:0.526316 Ca:0.052632 Cu:0.263158 Sr:0.157895,Sr0.6Ca0.2Cu1O2,cuprate,1,26.5,85.26,77,58.76,50.5,0.04406,104.4,False,0,
O:0.104712 Ca:0.209424 Cu:0.314136 Sr:0.167539 Ag:0.041885 Ba:0.041885 Tl:0.120419,Tl1.15Sr1.6Ba0.4Ca2Cu3Ag0.4O,cuprate,1,36,94.74,96.86,58.74,60.86,0.0613,89.36,True,0,
O:0.500000 Cu:0.250000 Y:0.083333 Ba:0.166667,Y1Ba2Cu3O6,cuprate,5,17.6,87.57,83.47,57.04,54.58,0.002021,90.29,False,77.4,
O:0.040000 Y:0.040000 Ba:0.920000,Y1Ba23O,other,1,90.4,34.18,25.88,56.22,64.52,0.2854,22.54,True,0,"cuprate-like oxide without Cu, Tc > 40 K; non-cuprate above 77 K"
O:0.142857 Cu:0.428571 Ba:0.240000 Nd:0.188571,Nd1.32Ba1.68Cu3O,cuprate,1,20,75.7,77.29,55.7,57.29,0.02536,90.14,True,0,
O:0.533800 Cu:0.116550 Ba:0.233100 Re:0.017483 Hg:0.099068,Hg0.85Re0.15Ba2Cu1O4.58,cuprate,2,34.85,90.44,90.63,55.59,55.78,0.004064,94.57,False,0.3,
O:0.519053 Cu:0.258972 Y:0.073992 Ba:0.147984,Y2Ba4Cu7O14.03,cuprate,1,4.3,59.59,56.1,55.29,51.8,0.00063,58.38,False,0,
O:0.100000 Ca:0.180000 Cu:0.300000 Sr:0.200000 Bi:0.220000,Bi2.2Sr2Ca1.8Cu3O,cuprate,1,30,84.68,87.68,54.68,57.68,0.04179,75.67,True,0,
O:0.538462 P:0.015385 Ca:0.076923 Cu:0.215385 Ba:0.076923 La:0.076923,Ca1La1Ba1Cu2.8P0.2O7,cuprate,1,90,36.51,41.99,53.49,48.01,0.0302,25.62,False,0,
O:0.125000 Ca:0.125000 Cu:0.250000 Ba:0.250000 Hg:0.125000 Tl:0.125000,Hg1Tl1Ba2Ca1Cu2O,cuprate,1,35,86.94,77.54,51.94,42.54,0.1406,57.73,True,0,
O:0.142857 Ca:0.285714 Sr:0.285714 Bi:0.285714,Bi2Sr2Ca2O,other,1,109,57.72,16.4,51.28,92.6,0.3784,50,True,0,"cuprate-like oxide without Cu, Tc > 40 K; non-cuprate above 77 K"
O:0.527311 Ca:0.105042 Cu:0.157563 Sr:0.105042 Pb:0.021008 Bi:0.084034,Bi1.6Pb0.4Sr2Cu3Ca2O10.04,cuprate,1,45,96.02,92.36,51.02,47.36,0.002122,84.13,False,0,
