model,kind,features,fold,group,n,coverage_50%,width_50%,coverage_80%,width_80%,coverage_90%,width_90%,coverage_95%,width_95%,crps,crps20,rmse
tabpfn,random,engineered,all splits,all,7088.0000,0.5376,7.0874,0.8169,14.4853,0.9062,19.7419,0.9523,24.8843,3.2515,,8.7134
tabpfn,random,engineered,all splits,Tc < 10 K,2573.8800,0.5541,2.0974,0.8181,4.3132,0.9007,5.9952,0.9483,7.8428,1.0873,,4.2507
tabpfn,random,engineered,all splits,10-77 K,3214.4800,0.5314,9.8137,0.8207,19.6912,0.9132,26.3214,0.9575,32.4622,4.5783,,10.1487
tabpfn,random,engineered,all splits,Tc > 77 K,1299.6400,0.5202,10.2261,0.8053,21.7537,0.8998,30.6904,0.9475,39.8874,4.2544,,11.0787
tabpfn,random,engineered,all splits,family: cuprate,3505.6800,0.5196,11.5926,0.8087,23.5748,0.9021,31.9657,0.9497,40.0219,5.2551,,11.5503
tabpfn,random,engineered,all splits,family: iron-based,562.4800,0.5197,6.4082,0.8169,13.0892,0.9113,17.7506,0.9565,22.2189,2.8609,,6.2904
tabpfn,random,engineered,all splits,family: other,3019.8400,0.5618,1.9844,0.8265,4.1950,0.9100,5.9243,0.9546,7.8101,0.9986,,3.9533
tabpfn,random,engineered,all splits,oxygen amount missing,636.9600,0.5142,12.5409,0.7974,26.1981,0.8946,36.1392,0.9433,45.9828,6.0107,,12.8751
tabpfn,random,composition,all splits,all,7088.0000,0.5482,7.3707,0.8289,15.0426,0.9152,20.4297,0.9573,25.6929,3.2812,,8.7018
tabpfn,random,composition,all splits,Tc < 10 K,2573.8800,0.5712,2.2464,0.8375,4.5609,0.9180,6.2835,0.9578,8.1904,1.1176,,4.2377
tabpfn,random,composition,all splits,10-77 K,3214.4800,0.5447,10.2495,0.8336,20.4816,0.9204,27.3157,0.9616,33.6838,4.6102,,10.1574
tabpfn,random,composition,all splits,Tc > 77 K,1299.6400,0.5117,10.3978,0.8005,22.3461,0.8970,31.4109,0.9456,40.5864,4.2765,,11.0232
tabpfn,random,composition,all splits,family: cuprate,3505.6800,0.5248,12.0056,0.8120,24.3981,0.9051,32.9295,0.9517,41.0363,5.2812,,11.5011
tabpfn,random,composition,all splits,family: iron-based,562.4800,0.5295,6.6533,0.8263,13.6382,0.9176,18.6107,0.9606,23.4783,2.9648,,6.4881
tabpfn,random,composition,all splits,family: other,3019.8400,0.5789,2.1241,0.8491,4.4447,0.9265,6.2592,0.9632,8.2944,1.0184,,3.9926
tabpfn,random,composition,all splits,oxygen amount missing,636.9600,0.5231,13.2351,0.8026,27.6639,0.9026,38.1958,0.9533,48.5035,6.1038,,12.9899
tabpfn,grouped,engineered,all splits,all,7087.7600,0.5297,7.5951,0.8131,15.4247,0.9055,20.9530,0.9520,26.4223,3.4450,3.4526,9.0070
tabpfn,grouped,engineered,all splits,Tc < 10 K,2570.0800,0.5377,2.5391,0.8179,5.1917,0.9072,7.2713,0.9539,9.6037,1.2136,1.2164,4.3518
tabpfn,grouped,engineered,all splits,10-77 K,3215.7200,0.5291,10.4257,0.8143,20.7562,0.9067,27.5616,0.9524,33.8881,4.8202,4.8302,10.4363
tabpfn,grouped,engineered,all splits,Tc > 77 K,1301.9600,0.5158,10.5987,0.8010,22.4810,0.8993,31.6685,0.9474,41.2198,4.4583,4.4698,11.5984
tabpfn,grouped,engineered,all splits,family: cuprate,3522.2800,0.5253,11.9865,0.8082,24.3620,0.9029,32.9669,0.9489,41.2691,5.4182,5.4303,11.8489
tabpfn,grouped,engineered,all splits,family: iron-based,559.6800,0.4968,7.1399,0.7987,14.2538,0.9022,18.9662,0.9538,23.3670,3.1524,3.1585,6.6877
tabpfn,grouped,engineered,all splits,family: other,3005.8000,0.5412,2.5381,0.8217,5.1765,0.9093,7.2525,0.9553,9.6014,1.1874,1.1901,4.2367
tabpfn,grouped,engineered,all splits,oxygen amount missing,645.6000,0.5431,13.4048,0.8233,27.8898,0.9132,38.3141,0.9574,48.4598,5.9746,5.9879,12.7899
tabpfn,grouped,composition,all splits,all,7087.7600,0.5400,7.8176,0.8249,15.9656,0.9149,21.7171,0.9583,27.2940,3.4440,3.4514,8.9680
tabpfn,grouped,composition,all splits,Tc < 10 K,2570.0800,0.5451,2.6072,0.8279,5.1836,0.9165,7.1078,0.9606,9.2810,1.2535,1.2561,4.5032
tabpfn,grouped,composition,all splits,10-77 K,3215.7200,0.5424,10.8073,0.8275,21.5584,0.9172,28.6954,0.9600,35.2790,4.8420,4.8515,10.4629
tabpfn,grouped,composition,all splits,Tc > 77 K,1301.9600,0.5240,10.7266,0.8126,23.4336,0.9056,33.3123,0.9498,43.1215,4.3189,4.3309,11.2517
tabpfn,grouped,composition,all splits,family: cuprate,3522.2800,0.5331,12.4308,0.8205,25.4127,0.9119,34.4431,0.9558,42.9421,5.3935,5.4050,11.7020
tabpfn,grouped,composition,all splits,family: iron-based,559.6800,0.5144,7.5633,0.8048,15.1637,0.9030,20.2341,0.9545,24.9517,3.3657,3.3721,7.1535
tabpfn,grouped,composition,all splits,family: other,3005.8000,0.5530,2.4604,0.8339,5.0434,0.9204,7.0784,0.9620,9.3910,1.1746,1.1776,4.3686
tabpfn,grouped,composition,all splits,oxygen amount missing,645.6000,0.5576,14.2469,0.8368,29.5267,0.9225,40.6259,0.9620,51.2416,6.0139,6.0272,12.8842
tabpfn,grouped_no_oxygen,engineered,all splits,all,7087.5200,0.5221,7.7055,0.8013,15.8885,0.8973,21.8084,0.9502,27.6537,4.0226,,10.4843
tabpfn,grouped_no_oxygen,engineered,all splits,Tc < 10 K,2530.5600,0.5374,2.5474,0.8154,5.2140,0.9057,7.3588,0.9521,9.8432,1.2846,,4.8411
tabpfn,grouped_no_oxygen,engineered,all splits,10-77 K,3192.9200,0.5057,10.5970,0.7853,21.3836,0.8847,28.6479,0.9453,35.3027,6.0143,,12.9540
tabpfn,grouped_no_oxygen,engineered,all splits,Tc > 77 K,1364.0400,0.5314,10.5723,0.8123,22.9578,0.9105,32.7498,0.9579,42.9032,4.4895,,11.5627
tabpfn,grouped_no_oxygen,engineered,all splits,family: cuprate,3578.8000,0.5105,12.1273,0.7870,25.0910,0.8872,34.3285,0.9454,43.1736,6.4611,,13.9351
tabpfn,grouped_no_oxygen,engineered,all splits,family: iron-based,553.8800,0.4957,7.1104,0.7964,14.2153,0.9055,18.9834,0.9558,23.4588,3.2041,,6.7361
tabpfn,grouped_no_oxygen,engineered,all splits,family: other,2954.8400,0.5419,2.4963,0.8209,5.1017,0.9089,7.2015,0.9553,9.6422,1.1848,,4.2488
tabpfn,grouped_no_oxygen,engineered,all splits,oxygen amount missing,645.0800,0.5430,13.1400,0.8187,27.5002,0.9070,37.8181,0.9519,47.7643,6.0319,,12.9021
tabpfn,grouped_no_oxygen,composition,all splits,all,7087.5200,0.5373,8.2927,0.8222,16.8005,0.9126,22.7776,0.9574,28.5579,3.8009,,9.9291
tabpfn,grouped_no_oxygen,composition,all splits,Tc < 10 K,2530.5600,0.5495,2.6810,0.8259,5.3477,0.9162,7.3847,0.9592,9.6815,1.3189,,4.9974
tabpfn,grouped_no_oxygen,composition,all splits,10-77 K,3192.9200,0.5285,11.7281,0.8198,23.0088,0.9109,30.3250,0.9569,36.9829,5.5640,,12.0461
tabpfn,grouped_no_oxygen,composition,all splits,Tc > 77 K,1364.0400,0.5346,10.7249,0.8203,23.5855,0.9095,33.7181,0.9553,43.8829,4.3207,,11.2356
tabpfn,grouped_no_oxygen,composition,all splits,family: cuprate,3578.8000,0.5251,13.1798,0.8153,26.6622,0.9058,35.9630,0.9533,44.6891,6.0287,,13.0606
tabpfn,grouped_no_oxygen,composition,all splits,family: iron-based,553.8800,0.5103,7.6618,0.8124,15.3005,0.9105,20.3995,0.9584,25.2215,3.3527,,7.0491
tabpfn,grouped_no_oxygen,composition,all splits,family: other,2954.8400,0.5576,2.4857,0.8325,5.1196,0.9213,7.2241,0.9622,9.6030,1.1738,,4.3925
tabpfn,grouped_no_oxygen,composition,all splits,oxygen amount missing,645.0800,0.5501,14.0587,0.8319,29.1676,0.9173,40.1699,0.9590,50.6965,6.0959,,13.0370
tabpfn,leave_family_out,engineered,cuprate,all,10532.0000,0.1415,22.6381,0.3900,48.8461,0.6322,70.4032,0.8457,92.8491,35.8854,35.8834,48.9743
tabpfn,leave_family_out,engineered,cuprate,Tc < 10 K,352.0000,0.8068,16.4868,0.9489,36.7420,0.9716,55.0560,0.9744,76.1450,4.0627,4.0788,12.6770
tabpfn,leave_family_out,engineered,cuprate,10-77 K,6296.0000,0.1911,20.5597,0.5588,45.2273,0.8434,66.1337,0.9897,88.1354,22.6514,22.6688,30.5746
tabpfn,leave_family_out,engineered,cuprate,Tc > 77 K,3884.0000,0.0008,26.5648,0.0657,55.8092,0.2590,78.7149,0.6007,102.0038,60.2219,60.1868,70.5260
tabpfn,leave_family_out,engineered,cuprate,family: cuprate,10532.0000,0.1415,22.6381,0.3900,48.8461,0.6322,70.4032,0.8457,92.8491,35.8854,35.8834,48.9743
tabpfn,leave_family_out,engineered,cuprate,oxygen amount missing,1901.0000,0.2194,37.8791,0.5408,76.2652,0.8443,99.9027,0.9905,123.8801,35.1919,35.2233,48.8929
tabpfn,leave_family_out,engineered,iron-based,all,1682.0000,0.0499,3.2229,0.1266,6.8961,0.2229,10.7322,0.3829,17.5199,16.4182,16.5297,21.4543
tabpfn,leave_family_out,engineered,iron-based,Tc < 10 K,290.0000,0.2517,3.0676,0.5517,6.2897,0.8000,9.3855,0.9552,14.1300,2.5855,2.5890,3.7956
tabpfn,leave_family_out,engineered,iron-based,10-77 K,1392.0000,0.0079,3.2552,0.0381,7.0224,0.1027,11.0127,0.2636,18.2261,19.3000,19.4340,23.5198
tabpfn,leave_family_out,engineered,iron-based,family: iron-based,1682.0000,0.0499,3.2229,0.1266,6.8961,0.2229,10.7322,0.3829,17.5199,16.4182,16.5297,21.4543
tabpfn,leave_family_out,engineered,other,all,9049.0000,0.2348,21.7609,0.5272,47.8103,0.6885,69.5995,0.8562,89.8652,9.1236,9.1443,20.0347
tabpfn,leave_family_out,engineered,other,Tc < 10 K,7087.0000,0.0721,21.4369,0.3986,47.0738,0.6032,68.5816,0.8171,88.8949,9.9895,10.0096,21.5960
tabpfn,leave_family_out,engineered,other,10-77 K,1951.0000,0.8273,22.8656,0.9954,50.3613,0.9990,73.1831,0.9995,93.3105,5.7357,5.7583,11.7112
tabpfn,leave_family_out,engineered,other,family: other,9049.0000,0.2348,21.7609,0.5272,47.8103,0.6885,69.5995,0.8562,89.8652,9.1236,9.1443,20.0347
tabpfn,leave_family_out,composition,cuprate,all,10532.0000,0.1330,20.9194,0.3576,45.7860,0.5667,66.9394,0.7831,89.3419,37.0375,37.0570,50.1813
tabpfn,leave_family_out,composition,cuprate,Tc < 10 K,352.0000,0.6619,15.2231,0.9375,36.7134,0.9602,56.3461,0.9744,78.1265,4.2359,4.2526,13.0670
tabpfn,leave_family_out,composition,cuprate,10-77 K,6296.0000,0.1811,19.3647,0.4936,43.3214,0.7829,64.0665,0.9538,86.4202,23.1192,23.1340,30.8101
tabpfn,leave_family_out,composition,cuprate,Tc > 77 K,3884.0000,0.0072,23.9557,0.0844,50.6033,0.1805,72.5565,0.4892,95.0944,62.5718,62.5993,72.6230
tabpfn,leave_family_out,composition,cuprate,family: cuprate,10532.0000,0.1330,20.9194,0.3576,45.7860,0.5667,66.9394,0.7831,89.3419,37.0375,37.0570,50.1813
tabpfn,leave_family_out,composition,cuprate,oxygen amount missing,1901.0000,0.1647,29.4597,0.4466,61.8466,0.5902,84.4244,0.7317,107.7335,43.0867,43.1630,56.0307
tabpfn,leave_family_out,composition,iron-based,all,1682.0000,0.0702,4.5305,0.2224,11.3446,0.3888,19.2161,0.5975,29.7432,15.0329,15.0889,19.9803
tabpfn,leave_family_out,composition,iron-based,Tc < 10 K,290.0000,0.3690,4.0978,0.7517,9.1811,0.9517,14.9561,0.9828,23.8378,2.2935,2.2983,3.6779
tabpfn,leave_family_out,composition,iron-based,10-77 K,1392.0000,0.0079,4.6207,0.1121,11.7954,0.2716,20.1036,0.5172,30.9735,17.6869,17.7536,21.8989
tabpfn,leave_family_out,composition,iron-based,family: iron-based,1682.0000,0.0702,4.5305,0.2224,11.3446,0.3888,19.2161,0.5975,29.7432,15.0329,15.0889,19.9803
tabpfn,leave_family_out,composition,other,all,9049.0000,0.1826,35.3161,0.5206,71.3006,0.7920,92.7366,0.9456,113.2428,14.0330,14.0531,30.9150
tabpfn,leave_family_out,composition,other,Tc < 10 K,7087.0000,0.0519,33.7717,0.3961,69.0082,0.7366,90.6548,0.9311,111.3815,14.9828,15.0024,32.4681
tabpfn,leave_family_out,composition,other,10-77 K,1951.0000,0.6571,40.9156,0.9728,79.6441,0.9938,100.3452,0.9990,120.0814,10.4331,10.4548,24.0424
tabpfn,leave_family_out,composition,other,family: other,9049.0000,0.1826,35.3161,0.5206,71.3006,0.7920,92.7366,0.9456,113.2428,14.0330,14.0531,30.9150
