model,kind,features,nominal,empirical
tabpfn,random,engineered,0.1000,0.1145
tabpfn,random,engineered,0.2000,0.2281
tabpfn,random,engineered,0.3000,0.3367
tabpfn,random,engineered,0.4000,0.4387
tabpfn,random,engineered,0.5000,0.5376
tabpfn,random,engineered,0.6000,0.6333
tabpfn,random,engineered,0.7000,0.7266
tabpfn,random,engineered,0.8000,0.8169
tabpfn,random,engineered,0.9000,0.9062
tabpfn,random,composition,0.1000,0.1161
tabpfn,random,composition,0.2000,0.2304
tabpfn,random,composition,0.3000,0.3396
tabpfn,random,composition,0.4000,0.4467
tabpfn,random,composition,0.5000,0.5482
tabpfn,random,composition,0.6000,0.6453
tabpfn,random,composition,0.7000,0.7393
tabpfn,random,composition,0.8000,0.8289
tabpfn,random,composition,0.9000,0.9152
tabpfn,grouped,engineered,0.1000,0.1122
tabpfn,grouped,engineered,0.2000,0.2230
tabpfn,grouped,engineered,0.3000,0.3283
tabpfn,grouped,engineered,0.4000,0.4308
tabpfn,grouped,engineered,0.5000,0.5297
tabpfn,grouped,engineered,0.6000,0.6256
tabpfn,grouped,engineered,0.7000,0.7201
tabpfn,grouped,engineered,0.8000,0.8131
tabpfn,grouped,engineered,0.9000,0.9055
tabpfn,grouped,composition,0.1000,0.1137
tabpfn,grouped,composition,0.2000,0.2260
tabpfn,grouped,composition,0.3000,0.3355
tabpfn,grouped,composition,0.4000,0.4395
tabpfn,grouped,composition,0.5000,0.5400
tabpfn,grouped,composition,0.6000,0.6368
tabpfn,grouped,composition,0.7000,0.7310
tabpfn,grouped,composition,0.8000,0.8249
tabpfn,grouped,composition,0.9000,0.9149
tabpfn,grouped_no_oxygen,engineered,0.1000,0.1100
tabpfn,grouped_no_oxygen,engineered,0.2000,0.2183
tabpfn,grouped_no_oxygen,engineered,0.3000,0.3239
tabpfn,grouped_no_oxygen,engineered,0.4000,0.4251
tabpfn,grouped_no_oxygen,engineered,0.5000,0.5221
tabpfn,grouped_no_oxygen,engineered,0.6000,0.6174
tabpfn,grouped_no_oxygen,engineered,0.7000,0.7104
tabpfn,grouped_no_oxygen,engineered,0.8000,0.8013
tabpfn,grouped_no_oxygen,engineered,0.9000,0.8973
tabpfn,grouped_no_oxygen,composition,0.1000,0.1115
tabpfn,grouped_no_oxygen,composition,0.2000,0.2232
tabpfn,grouped_no_oxygen,composition,0.3000,0.3312
tabpfn,grouped_no_oxygen,composition,0.4000,0.4361
tabpfn,grouped_no_oxygen,composition,0.5000,0.5373
tabpfn,grouped_no_oxygen,composition,0.6000,0.6345
tabpfn,grouped_no_oxygen,composition,0.7000,0.7290
tabpfn,grouped_no_oxygen,composition,0.8000,0.8222
tabpfn,grouped_no_oxygen,composition,0.9000,0.9126
quantile_regression,grouped,engineered,0.1000,0.1006
quantile_regression,grouped,engineered,0.2000,0.1753
quantile_regression,grouped,engineered,0.3000,0.2534
quantile_regression,grouped,engineered,0.4000,0.3308
quantile_regression,grouped,engineered,0.5000,0.4274
quantile_regression,grouped,engineered,0.6000,0.5302
quantile_regression,grouped,engineered,0.7000,0.6205
quantile_regression,grouped,engineered,0.8000,0.7201
quantile_regression,grouped,engineered,0.9000,0.8489
quantile_regression,grouped,composition,0.1000,0.0985
quantile_regression,grouped,composition,0.2000,0.1755
quantile_regression,grouped,composition,0.3000,0.2542
quantile_regression,grouped,composition,0.4000,0.3329
quantile_regression,grouped,composition,0.5000,0.4249
quantile_regression,grouped,composition,0.6000,0.5226
quantile_regression,grouped,composition,0.7000,0.6067
quantile_regression,grouped,composition,0.8000,0.7011
quantile_regression,grouped,composition,0.9000,0.8252
conformal,grouped,engineered,0.1000,0.1005
conformal,grouped,engineered,0.2000,0.2008
conformal,grouped,engineered,0.3000,0.2995
conformal,grouped,engineered,0.4000,0.3991
conformal,grouped,engineered,0.5000,0.4940
conformal,grouped,engineered,0.6000,0.5973
conformal,grouped,engineered,0.7000,0.6993
conformal,grouped,engineered,0.8000,0.7923
conformal,grouped,engineered,0.9000,0.8974
conformal,grouped,composition,0.1000,0.1007
conformal,grouped,composition,0.2000,0.2010
conformal,grouped,composition,0.3000,0.2989
conformal,grouped,composition,0.4000,0.3973
conformal,grouped,composition,0.5000,0.4948
conformal,grouped,composition,0.6000,0.6003
conformal,grouped,composition,0.7000,0.7016
conformal,grouped,composition,0.8000,0.7957
conformal,grouped,composition,0.9000,0.8961
