model,features,held_out_family,n,width_error_spearman,held_out_coverage_50%,in_distribution_coverage_50%,held_out_width_50%,in_distribution_width_50%,held_out_coverage_80%,in_distribution_coverage_80%,held_out_width_80%,in_distribution_width_80%,held_out_coverage_90%,in_distribution_coverage_90%,held_out_width_90%,in_distribution_width_90%,held_out_coverage_95%,in_distribution_coverage_95%,held_out_width_95%,in_distribution_width_95%,held_out_crps,in_distribution_crps,held_out_crps20,in_distribution_crps20,held_out_rmse,in_distribution_rmse
tabpfn,engineered,cuprate,10532,0.2319,0.1415,0.5253,22.6381,11.9865,0.3900,0.8082,48.8461,24.3620,0.6322,0.9029,70.4032,32.9669,0.8457,0.9489,92.8491,41.2691,35.8854,5.4182,35.8834,5.4303,48.9743,11.8489
tabpfn,engineered,iron-based,1682,0.0395,0.0499,0.4968,3.2229,7.1399,0.1266,0.7987,6.8961,14.2538,0.2229,0.9022,10.7322,18.9662,0.3829,0.9538,17.5199,23.3670,16.4182,3.1524,16.5297,3.1585,21.4543,6.6877
tabpfn,engineered,other,9049,0.4899,0.2348,0.5412,21.7609,2.5381,0.5272,0.8217,47.8103,5.1765,0.6885,0.9093,69.5995,7.2525,0.8562,0.9553,89.8652,9.6014,9.1236,1.1874,9.1443,1.1901,20.0347,4.2367
tabpfn,composition,cuprate,10532,0.0093,0.1330,0.5331,20.9194,12.4308,0.3576,0.8205,45.7860,25.4127,0.5667,0.9119,66.9394,34.4431,0.7831,0.9558,89.3419,42.9421,37.0375,5.3935,37.0570,5.4050,50.1813,11.7020
tabpfn,composition,iron-based,1682,0.0775,0.0702,0.5144,4.5305,7.5633,0.2224,0.8048,11.3446,15.1637,0.3888,0.9030,19.2161,20.2341,0.5975,0.9545,29.7432,24.9517,15.0329,3.3657,15.0889,3.3721,19.9803,7.1535
tabpfn,composition,other,9049,0.5744,0.1826,0.5530,35.3161,2.4604,0.5206,0.8339,71.3006,5.0434,0.7920,0.9204,92.7366,7.0784,0.9456,0.9620,113.2428,9.3910,14.0330,1.1746,14.0531,1.1776,30.9150,4.3686
quantile_regression,engineered,cuprate,10532,0.2947,0.0497,0.4392,8.1436,14.8276,0.2064,0.7126,26.9194,29.8919,0.2867,0.8330,34.5196,43.4043,0.3506,0.9241,41.6159,62.5358,,,41.5773,7.0231,54.3954,14.4742
quantile_regression,engineered,iron-based,1682,0.2509,0.0285,0.4457,1.8702,9.0928,0.0648,0.7279,3.8738,18.2073,0.1688,0.8706,8.4196,30.4917,0.7152,0.9480,26.1348,52.8729,,,15.1494,4.1645,20.0407,8.2886
quantile_regression,engineered,other,9049,0.5180,0.0681,0.4103,10.8569,3.2934,0.1148,0.7276,24.5013,10.9027,0.1507,0.8633,42.0991,25.4601,0.2162,0.9395,59.8030,51.2066,,,15.5919,1.8074,23.0924,5.8958
quantile_regression,composition,cuprate,10532,0.2064,0.0218,0.4234,6.7412,14.5960,0.0797,0.6882,16.2499,27.2500,0.2030,0.7996,28.3593,36.6179,0.2778,0.8881,35.9883,50.6260,,,47.9943,7.0290,59.6690,14.2530
quantile_regression,composition,iron-based,1682,0.1834,0.0523,0.4187,3.6909,8.7045,0.1195,0.6567,7.5434,15.4204,0.3526,0.8063,15.3124,22.3723,0.7533,0.8972,30.3102,38.2677,,,14.6428,4.1788,19.8685,8.2026
quantile_regression,composition,other,9049,0.0351,0.0620,0.4278,12.2843,3.1360,0.1202,0.7245,22.1430,7.1091,0.1517,0.8585,30.1370,14.8156,0.1731,0.9354,35.9182,33.7083,,,15.9170,1.6978,22.5225,5.1963
conformal,engineered,cuprate,10532,,0.0208,0.2991,2.2601,5.6703,0.0620,0.6472,6.7632,17.2557,0.0994,0.8167,10.8380,29.7544,0.1488,0.9051,16.5472,43.6301,,,37.7692,6.9792,47.1983,13.1621
conformal,engineered,iron-based,1682,,0.0648,0.4047,4.5194,5.6703,0.2497,0.7993,15.1347,17.2557,0.4620,0.9354,27.5562,29.7544,0.6683,0.9800,41.0718,43.6301,,,14.4897,4.1183,21.5035,7.8088
conformal,engineered,other,9049,,0.0338,0.7390,9.4855,5.6703,0.1250,0.9612,23.6038,17.2557,0.3069,0.9849,35.8225,29.7544,0.6110,0.9943,51.1642,43.6301,,,19.5189,2.1813,26.2018,4.9419
conformal,composition,cuprate,10532,,0.0188,0.2961,2.8896,5.9412,0.0466,0.6485,6.9606,17.9170,0.0764,0.8115,11.5268,29.8474,0.1112,0.9042,16.6949,43.9965,,,42.4482,7.1117,52.5054,13.3520
conformal,composition,iron-based,1682,,0.0880,0.4034,5.2086,5.9412,0.2818,0.8018,16.8142,17.9170,0.4394,0.9285,28.3241,29.8474,0.6302,0.9759,41.5068,43.9965,,,14.3139,4.2937,21.4725,8.1212
conformal,composition,other,9049,,0.1224,0.7445,10.3051,5.9412,0.3361,0.9672,25.2932,17.9170,0.5420,0.9891,36.7204,29.8474,0.8074,0.9949,49.6263,43.9965,,,14.4315,2.1907,21.7208,4.9150
