model,kind,features,bin_lo,bin_hi,n,predicted,observed
tabpfn,random,engineered,0.0000,0.0100,119161,0.0051,0.0005
tabpfn,random,engineered,0.0100,0.0500,8365,0.0246,0.0225
tabpfn,random,engineered,0.0500,0.1000,3711,0.0724,0.0507
tabpfn,random,engineered,0.1000,0.2000,3850,0.1450,0.1262
tabpfn,random,engineered,0.2000,0.3000,2986,0.2495,0.2435
tabpfn,random,engineered,0.3000,0.4000,2757,0.3491,0.3464
tabpfn,random,engineered,0.4000,0.5000,2349,0.4477,0.4406
tabpfn,random,engineered,0.5000,0.6000,2410,0.5520,0.5498
tabpfn,random,engineered,0.6000,0.7000,3878,0.6534,0.6576
tabpfn,random,engineered,0.7000,0.8000,4591,0.7513,0.7404
tabpfn,random,engineered,0.8000,0.9000,6393,0.8547,0.8445
tabpfn,random,engineered,0.9000,0.9500,4791,0.9262,0.9194
tabpfn,random,engineered,0.9500,0.9900,9373,0.9745,0.9818
tabpfn,random,engineered,0.9900,1.0000,2585,0.9937,0.9950
tabpfn,random,composition,0.0000,0.0100,119638,0.0051,0.0006
tabpfn,random,composition,0.0100,0.0500,8079,0.0243,0.0209
tabpfn,random,composition,0.0500,0.1000,3547,0.0727,0.0578
tabpfn,random,composition,0.1000,0.2000,3857,0.1456,0.1364
tabpfn,random,composition,0.2000,0.3000,2940,0.2494,0.2330
tabpfn,random,composition,0.3000,0.4000,2903,0.3491,0.3548
tabpfn,random,composition,0.4000,0.5000,2516,0.4502,0.4475
tabpfn,random,composition,0.5000,0.6000,2726,0.5511,0.5730
tabpfn,random,composition,0.6000,0.7000,4276,0.6507,0.6681
tabpfn,random,composition,0.7000,0.8000,4552,0.7514,0.7649
tabpfn,random,composition,0.8000,0.9000,6481,0.8530,0.8526
tabpfn,random,composition,0.9000,0.9500,4703,0.9263,0.9377
tabpfn,random,composition,0.9500,0.9900,7949,0.9744,0.9828
tabpfn,random,composition,0.9900,1.0000,3033,0.9939,0.9987
tabpfn,grouped,engineered,0.0000,0.0100,117400,0.0051,0.0003
tabpfn,grouped,engineered,0.0100,0.0500,9013,0.0245,0.0217
tabpfn,grouped,engineered,0.0500,0.1000,3926,0.0725,0.0476
tabpfn,grouped,engineered,0.1000,0.2000,4231,0.1460,0.1231
tabpfn,grouped,engineered,0.2000,0.3000,3213,0.2479,0.2281
tabpfn,grouped,engineered,0.3000,0.4000,2771,0.3507,0.3389
tabpfn,grouped,engineered,0.4000,0.5000,2629,0.4507,0.4325
tabpfn,grouped,engineered,0.5000,0.6000,2609,0.5504,0.5585
tabpfn,grouped,engineered,0.6000,0.7000,3148,0.6528,0.6566
tabpfn,grouped,engineered,0.7000,0.8000,4644,0.7530,0.7618
tabpfn,grouped,engineered,0.8000,0.9000,6455,0.8548,0.8418
tabpfn,grouped,engineered,0.9000,0.9500,5672,0.9274,0.8995
tabpfn,grouped,engineered,0.9500,0.9900,9618,0.9748,0.9711
tabpfn,grouped,engineered,0.9900,1.0000,1865,0.9935,0.9957
tabpfn,grouped,composition,0.0000,0.0100,118464,0.0051,0.0005
tabpfn,grouped,composition,0.0100,0.0500,8248,0.0242,0.0198
tabpfn,grouped,composition,0.0500,0.1000,3622,0.0722,0.0502
tabpfn,grouped,composition,0.1000,0.2000,4058,0.1464,0.1252
tabpfn,grouped,composition,0.2000,0.3000,3032,0.2483,0.2190
tabpfn,grouped,composition,0.3000,0.4000,2760,0.3487,0.3326
tabpfn,grouped,composition,0.4000,0.5000,2782,0.4518,0.4378
tabpfn,grouped,composition,0.5000,0.6000,3083,0.5509,0.5628
tabpfn,grouped,composition,0.6000,0.7000,4147,0.6538,0.6790
tabpfn,grouped,composition,0.7000,0.8000,5057,0.7538,0.7554
tabpfn,grouped,composition,0.8000,0.9000,7189,0.8544,0.8564
tabpfn,grouped,composition,0.9000,0.9500,5243,0.9266,0.9298
tabpfn,grouped,composition,0.9500,0.9900,7277,0.9739,0.9901
tabpfn,grouped,composition,0.9900,1.0000,2232,0.9938,0.9991
tabpfn,grouped_no_oxygen,engineered,0.0000,0.0100,114064,0.0051,0.0003
tabpfn,grouped_no_oxygen,engineered,0.0100,0.0500,8260,0.0244,0.0195
tabpfn,grouped_no_oxygen,engineered,0.0500,0.1000,3690,0.0731,0.0607
tabpfn,grouped_no_oxygen,engineered,0.1000,0.2000,4250,0.1456,0.1384
tabpfn,grouped_no_oxygen,engineered,0.2000,0.3000,2744,0.2474,0.2351
tabpfn,grouped_no_oxygen,engineered,0.3000,0.4000,2527,0.3488,0.3178
tabpfn,grouped_no_oxygen,engineered,0.4000,0.5000,2686,0.4505,0.4229
tabpfn,grouped_no_oxygen,engineered,0.5000,0.6000,2802,0.5501,0.5403
tabpfn,grouped_no_oxygen,engineered,0.6000,0.7000,3691,0.6538,0.6375
tabpfn,grouped_no_oxygen,engineered,0.7000,0.8000,5461,0.7535,0.7173
tabpfn,grouped_no_oxygen,engineered,0.8000,0.9000,8516,0.8556,0.7116
tabpfn,grouped_no_oxygen,engineered,0.9000,0.9500,6639,0.9258,0.8070
tabpfn,grouped_no_oxygen,engineered,0.9500,0.9900,10073,0.9711,0.9466
tabpfn,grouped_no_oxygen,engineered,0.9900,1.0000,1785,0.9936,0.9944
tabpfn,grouped_no_oxygen,composition,0.0000,0.0100,114874,0.0051,0.0005
tabpfn,grouped_no_oxygen,composition,0.0100,0.0500,7763,0.0245,0.0170
tabpfn,grouped_no_oxygen,composition,0.0500,0.1000,3336,0.0722,0.0552
tabpfn,grouped_no_oxygen,composition,0.1000,0.2000,3783,0.1456,0.1348
tabpfn,grouped_no_oxygen,composition,0.2000,0.3000,2738,0.2487,0.2228
tabpfn,grouped_no_oxygen,composition,0.3000,0.4000,2712,0.3514,0.3223
tabpfn,grouped_no_oxygen,composition,0.4000,0.5000,3517,0.4510,0.3185
tabpfn,grouped_no_oxygen,composition,0.5000,0.6000,3761,0.5522,0.4515
tabpfn,grouped_no_oxygen,composition,0.6000,0.7000,4740,0.6525,0.5859
tabpfn,grouped_no_oxygen,composition,0.7000,0.8000,5936,0.7512,0.7005
tabpfn,grouped_no_oxygen,composition,0.8000,0.9000,8526,0.8527,0.8367
tabpfn,grouped_no_oxygen,composition,0.9000,0.9500,6213,0.9264,0.9136
tabpfn,grouped_no_oxygen,composition,0.9500,0.9900,7309,0.9731,0.9851
tabpfn,grouped_no_oxygen,composition,0.9900,1.0000,1980,0.9938,0.9960
