model,kind,features,bin_lo,density
tabpfn,random,engineered,0.0000,0.9472
tabpfn,random,engineered,0.0500,0.9160
tabpfn,random,engineered,0.1000,0.9258
tabpfn,random,engineered,0.1500,0.9527
tabpfn,random,engineered,0.2000,0.9492
tabpfn,random,engineered,0.2500,0.9806
tabpfn,random,engineered,0.3000,1.0212
tabpfn,random,engineered,0.3500,1.0883
tabpfn,random,engineered,0.4000,1.1454
tabpfn,random,engineered,0.4500,1.1506
tabpfn,random,engineered,0.5000,1.1402
tabpfn,random,engineered,0.5500,1.1262
tabpfn,random,engineered,0.6000,1.0833
tabpfn,random,engineered,0.6500,1.0184
tabpfn,random,engineered,0.7000,0.9973
tabpfn,random,engineered,0.7500,0.9649
tabpfn,random,engineered,0.8000,0.9135
tabpfn,random,engineered,0.8500,0.8807
tabpfn,random,engineered,0.9000,0.8695
tabpfn,random,engineered,0.9500,0.9290
tabpfn,random,composition,0.0000,0.8088
tabpfn,random,composition,0.0500,0.8428
tabpfn,random,composition,0.1000,0.8687
tabpfn,random,composition,0.1500,0.8843
tabpfn,random,composition,0.2000,0.9139
tabpfn,random,composition,0.2500,0.9387
tabpfn,random,composition,0.3000,0.9958
tabpfn,random,composition,0.3500,1.0238
tabpfn,random,composition,0.4000,1.0921
tabpfn,random,composition,0.4500,1.1525
tabpfn,random,composition,0.5000,1.1691
tabpfn,random,composition,0.5500,1.1938
tabpfn,random,composition,0.6000,1.1600
tabpfn,random,composition,0.6500,1.1470
tabpfn,random,composition,0.7000,1.0916
tabpfn,random,composition,0.7500,1.0287
tabpfn,random,composition,0.8000,0.9947
tabpfn,random,composition,0.8500,0.9239
tabpfn,random,composition,0.9000,0.8830
tabpfn,random,composition,0.9500,0.8868
tabpfn,grouped,engineered,0.0000,0.8620
tabpfn,grouped,engineered,0.0500,0.8964
tabpfn,grouped,engineered,0.1000,0.9017
tabpfn,grouped,engineered,0.1500,0.8971
tabpfn,grouped,engineered,0.2000,0.9140
tabpfn,grouped,engineered,0.2500,0.9570
tabpfn,grouped,engineered,0.3000,0.9976
tabpfn,grouped,engineered,0.3500,1.0259
tabpfn,grouped,engineered,0.4000,1.1057
tabpfn,grouped,engineered,0.4500,1.1319
tabpfn,grouped,engineered,0.5000,1.1119
tabpfn,grouped,engineered,0.5500,1.1109
tabpfn,grouped,engineered,0.6000,1.0804
tabpfn,grouped,engineered,0.6500,1.0509
tabpfn,grouped,engineered,0.7000,1.0225
tabpfn,grouped,engineered,0.7500,1.0034
tabpfn,grouped,engineered,0.8000,0.9926
tabpfn,grouped,engineered,0.8500,0.9593
tabpfn,grouped,engineered,0.9000,0.9510
tabpfn,grouped,engineered,0.9500,1.0278
tabpfn,grouped,composition,0.0000,0.7351
tabpfn,grouped,composition,0.0500,0.8102
tabpfn,grouped,composition,0.1000,0.8561
tabpfn,grouped,composition,0.1500,0.8652
tabpfn,grouped,composition,0.2000,0.8805
tabpfn,grouped,composition,0.2500,0.9206
tabpfn,grouped,composition,0.3000,0.9433
tabpfn,grouped,composition,0.3500,1.0249
tabpfn,grouped,composition,0.4000,1.0617
tabpfn,grouped,composition,0.4500,1.1187
tabpfn,grouped,composition,0.5000,1.1562
tabpfn,grouped,composition,0.5500,1.1840
tabpfn,grouped,composition,0.6000,1.1644
tabpfn,grouped,composition,0.6500,1.1373
tabpfn,grouped,composition,0.7000,1.0890
tabpfn,grouped,composition,0.7500,1.0552
tabpfn,grouped,composition,0.8000,1.0191
tabpfn,grouped,composition,0.8500,1.0225
tabpfn,grouped,composition,0.9000,0.9885
tabpfn,grouped,composition,0.9500,0.9676
tabpfn,grouped_no_oxygen,engineered,0.0000,1.0638
tabpfn,grouped_no_oxygen,engineered,0.0500,1.0003
tabpfn,grouped_no_oxygen,engineered,0.1000,0.8850
tabpfn,grouped_no_oxygen,engineered,0.1500,0.8870
tabpfn,grouped_no_oxygen,engineered,0.2000,0.9178
tabpfn,grouped_no_oxygen,engineered,0.2500,0.9364
tabpfn,grouped_no_oxygen,engineered,0.3000,0.9848
tabpfn,grouped_no_oxygen,engineered,0.3500,1.0123
tabpfn,grouped_no_oxygen,engineered,0.4000,1.0542
tabpfn,grouped_no_oxygen,engineered,0.4500,1.0781
tabpfn,grouped_no_oxygen,engineered,0.5000,1.1222
tabpfn,grouped_no_oxygen,engineered,0.5500,1.1114
tabpfn,grouped_no_oxygen,engineered,0.6000,1.0989
tabpfn,grouped_no_oxygen,engineered,0.6500,1.0407
tabpfn,grouped_no_oxygen,engineered,0.7000,1.0031
tabpfn,grouped_no_oxygen,engineered,0.7500,0.9883
tabpfn,grouped_no_oxygen,engineered,0.8000,0.9725
tabpfn,grouped_no_oxygen,engineered,0.8500,0.9331
tabpfn,grouped_no_oxygen,engineered,0.9000,0.9189
tabpfn,grouped_no_oxygen,engineered,0.9500,0.9910
tabpfn,grouped_no_oxygen,composition,0.0000,0.8133
tabpfn,grouped_no_oxygen,composition,0.0500,0.8343
tabpfn,grouped_no_oxygen,composition,0.1000,0.8688
tabpfn,grouped_no_oxygen,composition,0.1500,0.8984
tabpfn,grouped_no_oxygen,composition,0.2000,0.9127
tabpfn,grouped_no_oxygen,composition,0.2500,0.9417
tabpfn,grouped_no_oxygen,composition,0.3000,0.9751
tabpfn,grouped_no_oxygen,composition,0.3500,1.0250
tabpfn,grouped_no_oxygen,composition,0.4000,1.0655
tabpfn,grouped_no_oxygen,composition,0.4500,1.0997
tabpfn,grouped_no_oxygen,composition,0.5000,1.1302
tabpfn,grouped_no_oxygen,composition,0.5500,1.1687
tabpfn,grouped_no_oxygen,composition,0.6000,1.1355
tabpfn,grouped_no_oxygen,composition,0.6500,1.1217
tabpfn,grouped_no_oxygen,composition,0.7000,1.0836
tabpfn,grouped_no_oxygen,composition,0.7500,1.0294
tabpfn,grouped_no_oxygen,composition,0.8000,0.9928
tabpfn,grouped_no_oxygen,composition,0.8500,0.9957
tabpfn,grouped_no_oxygen,composition,0.9000,0.9729
tabpfn,grouped_no_oxygen,composition,0.9500,0.9349
quantile_regression,grouped,engineered,0.0000,1.8794
quantile_regression,grouped,engineered,0.0500,1.3048
quantile_regression,grouped,engineered,0.1000,0.8963
quantile_regression,grouped,engineered,0.1500,0.7335
quantile_regression,grouped,engineered,0.2000,0.8712
quantile_regression,grouped,engineered,0.2500,0.8343
quantile_regression,grouped,engineered,0.3000,0.6715
quantile_regression,grouped,engineered,0.3500,0.7268
quantile_regression,grouped,engineered,0.4000,0.7180
quantile_regression,grouped,engineered,0.4500,0.9737
quantile_regression,grouped,engineered,0.5000,1.0374
quantile_regression,grouped,engineered,0.5500,0.7760
quantile_regression,grouped,engineered,0.6000,0.8356
quantile_regression,grouped,engineered,0.6500,0.8772
quantile_regression,grouped,engineered,0.7000,1.0982
quantile_regression,grouped,engineered,0.7500,1.1849
quantile_regression,grouped,engineered,0.8000,1.0715
quantile_regression,grouped,engineered,0.8500,1.0967
quantile_regression,grouped,engineered,0.9000,1.2700
quantile_regression,grouped,engineered,0.9500,1.1429
quantile_regression,grouped,composition,0.0000,1.9729
quantile_regression,grouped,composition,0.0500,1.0960
quantile_regression,grouped,composition,0.1000,0.8156
quantile_regression,grouped,composition,0.1500,0.7206
quantile_regression,grouped,composition,0.2000,0.8394
quantile_regression,grouped,composition,0.2500,0.8001
quantile_regression,grouped,composition,0.3000,0.7094
quantile_regression,grouped,composition,0.3500,0.7510
quantile_regression,grouped,composition,0.4000,0.7598
quantile_regression,grouped,composition,0.4500,0.9553
quantile_regression,grouped,composition,0.5000,1.0155
quantile_regression,grouped,composition,0.5500,0.7789
quantile_regression,grouped,composition,0.6000,0.8242
quantile_regression,grouped,composition,0.6500,0.8633
quantile_regression,grouped,composition,0.7000,1.0409
quantile_regression,grouped,composition,0.7500,1.1137
quantile_regression,grouped,composition,0.8000,0.9620
quantile_regression,grouped,composition,0.8500,1.0729
quantile_regression,grouped,composition,0.9000,1.3848
quantile_regression,grouped,composition,0.9500,1.5235
conformal,grouped,engineered,0.0000,1.0321
conformal,grouped,engineered,0.0500,1.0044
conformal,grouped,engineered,0.1000,0.9498
conformal,grouped,engineered,0.1500,1.0360
conformal,grouped,engineered,0.2000,1.0409
conformal,grouped,engineered,0.2500,0.9465
conformal,grouped,engineered,0.3000,1.0003
conformal,grouped,engineered,0.3500,0.9855
conformal,grouped,engineered,0.4000,1.0393
conformal,grouped,engineered,0.4500,1.0120
conformal,grouped,engineered,0.5000,0.9979
conformal,grouped,engineered,0.5500,0.9675
conformal,grouped,engineered,0.6000,0.9876
conformal,grouped,engineered,0.6500,0.9926
conformal,grouped,engineered,0.7000,0.9512
conformal,grouped,engineered,0.7500,1.0245
conformal,grouped,engineered,0.8000,1.0035
conformal,grouped,engineered,0.8500,0.9110
conformal,grouped,engineered,0.9000,1.0978
conformal,grouped,engineered,0.9500,1.0196
conformal,grouped,composition,0.0000,1.0225
conformal,grouped,composition,0.0500,0.9922
conformal,grouped,composition,0.1000,0.9161
conformal,grouped,composition,0.1500,0.9955
conformal,grouped,composition,0.2000,1.0615
conformal,grouped,composition,0.2500,0.9842
conformal,grouped,composition,0.3000,0.9874
conformal,grouped,composition,0.3500,0.9772
conformal,grouped,composition,0.4000,1.0059
conformal,grouped,composition,0.4500,0.9954
conformal,grouped,composition,0.5000,1.0187
conformal,grouped,composition,0.5500,0.9999
conformal,grouped,composition,0.6000,0.9803
conformal,grouped,composition,0.6500,0.9813
conformal,grouped,composition,0.7000,0.9652
conformal,grouped,composition,0.7500,1.0492
conformal,grouped,composition,0.8000,1.0294
conformal,grouped,composition,0.8500,0.9672
conformal,grouped,composition,0.9000,1.0149
conformal,grouped,composition,0.9500,1.0559
