formula,family,mean,median,q0.025,q0.1,q0.9,q0.975,p_above_77K,in_data_rows,recorded_tc_median,recorded_tc_min,recorded_tc_max,nearest_formula,nearest_tc_median,nearest_l1,train_materials_within_0.05
Hg,other,3.2932,3.2704,0.3908,1.3861,4.1693,5.7504,0.005,6,4.1578,4.017,4.173,Hg0.97Tl0.03,4.109,0.06,0
Pb,other,7.257,7.1491,6.3185,6.8418,7.4377,7.895,0.005,9,7.19,7.17,7.22,In0.005Pb0.995,7.181,0.01,7
Nb,other,8.7392,9.0811,4.2903,7.1087,9.5145,10.1235,0.005,16,9.19,7.13,9.71,Nb99.976O0.024,9.23,0.0005,18
NbN,other,12.693,14.1705,1.0613,5.2079,16.9356,17.6976,0.005,12,15.215,5.1,17.3,N0.998Nb1O0.002,17.3,0.002,8
Nb3Sn,other,17.2365,18.0922,5.5904,16.3555,18.3826,18.6419,0.005,15,17.832,15.89,18.3,Nb3Sn0.98Al0.02,17.9,0.01,18
MgB2,other,33.4093,37.6429,5.4068,18.7551,38.7181,39.5375,0.005,47,38.4,5.0,40.5,Mg0.997Fe0.003B2,37.8,0.002,61
K3C60,other,15.4815,14.2922,0.2561,1.4717,27.9116,40.2443,0.0089,16,19.1,8.5,20.3,K2.75Ba0.25C60,15.0,0.0079,3
FeSe,iron-based,8.3887,8.4325,4.2601,6.0037,10.6039,11.607,0.005,13,9.51,7.1,65.0,Fe1.01Se1,8.25,0.005,9
LaFeAsO0.9F0.1,iron-based,23.5851,25.6349,4.9656,12.0833,30.5933,34.0051,0.005,13,25.2,17.0,29.4,La1Fe1As1F0.11O0.89,27.1,0.005,35
Ba0.6K0.4Fe2As2,iron-based,35.043,36.6523,21.818,29.1966,38.4715,39.2743,0.005,11,37.0,28.2,38.1,Ba0.59K0.41Fe2As2,36.9,0.004,13
SmFeAsO0.85F0.15,iron-based,33.8934,35.0256,7.3862,16.6329,48.8416,53.6427,0.005,9,41.8,40.0,51.5,Sm1Fe1As1F0.14O0.86,26.9,0.005,22
La1.85Sr0.15CuO4,cuprate,33.0121,35.6507,11.3985,21.3332,39.6762,41.3355,0.005,53,36.0,23.0,45.3,La1.85Sr0.15Cu1O3.998,37.0,0.0002,551
YBa2Cu3O7,cuprate,86.273,90.4736,47.3072,71.916,93.23,94.918,0.8797,110,89.85,30.3,130.0,Y1Ba2Cu3S0.001O7,92.0,0.0002,803
Bi2Sr2Ca2Cu3O10,cuprate,91.2073,98.8104,26.9902,57.6941,111.2464,116.1504,0.7912,4,108.0,106.5,110.0,Bi2Sr2Ca2Cu3O10.28,108.7,0.0138,21
Tl2Ba2Ca2Cu3O10,cuprate,110.6757,111.5232,88.5489,105.0034,118.3898,123.3641,0.9852,14,119.475,105.0,129.0,Tl2Ba2Ca2Cu3O9.964,112.0,0.0018,9
HgBa2Ca2Cu3O8,cuprate,129.6474,131.4734,109.2327,121.2822,135.6748,138.3634,0.995,21,131.0,107.0,135.7,Hg0.97Re0.03Ba2Ca2Cu3O8,130.0,0.0038,46
CsV3Sb5,other,3.191,2.3271,0.0702,0.4346,6.5897,9.8275,0.005,0,,,,Ti1.38V1.62Sb1,1.49,0.8333,0
Nd0.8Sr0.2NiO2,other,11.6352,5.0277,0.3546,1.353,30.0935,52.1124,0.0081,0,,,,Nd1.42Ce0.18Sr0.4Cu1O4,17.3,0.5,0
La3Ni2O7,other,9.2127,4.5581,0.4118,1.3772,23.1894,40.8096,0.0062,0,,,,La1.83Sr0.17Cu0.65Ni0.35O4,13.5,0.2571,0
LaH10,other,66.679,17.677,-0.1409,1.0212,138.031,287.1538,0.1992,0,,,,H4Si1,17.0,0.4,0
