phase,scenario,acquisition,experiments,seeds,found_mean,found_lo,found_hi,random_expected
main,hard,ei,10,10,0.9000,-0.5485,2.3485,0.1041
main,hard,ei,20,10,1.4000,-0.7113,3.5113,0.2083
main,hard,ei,30,10,2.5000,-1.3338,6.3338,0.3124
main,hard,ei,40,10,4.0000,-1.0471,9.0471,0.4165
main,hard,ei,50,10,5.7000,-0.4171,11.8171,0.5206
main,hard,ei,60,10,7.5000,-0.5599,15.5599,0.6248
main,hard,ei,70,10,10.4000,0.0214,20.7786,0.7289
main,hard,ei,80,10,13.7000,1.1816,26.2184,0.8330
main,hard,ei,90,10,17.5000,2.8813,32.1187,0.9371
main,hard,ei,100,10,20.8000,4.6351,36.9649,1.0413
main,hard,ei,110,10,24.7000,8.0559,41.3441,1.1454
main,hard,ei,120,10,28.1000,10.6703,45.5297,1.2495
main,hard,ei,130,10,31.3000,12.8849,49.7151,1.3536
main,hard,ei,140,10,34.9000,16.7543,53.0457,1.4578
main,hard,ei,150,10,37.9000,20.5586,55.2414,1.5619
main,hard,ei,160,10,40.7000,23.6043,57.7957,1.6660
main,hard,ei,170,10,45.2000,29.7694,60.6306,1.7701
main,hard,ei,180,10,48.9000,34.5950,63.2050,1.8743
main,hard,ei,190,10,51.3000,38.0920,64.5080,1.9784
main,hard,ei,200,10,53.9000,42.3482,65.4518,2.0825
main,hard,greedy_tabpfn,10,10,0.6000,-0.5286,1.7286,0.1041
main,hard,greedy_tabpfn,20,10,1.3000,-0.8341,3.4341,0.2083
main,hard,greedy_tabpfn,30,10,2.1000,-1.0715,5.2715,0.3124
main,hard,greedy_tabpfn,40,10,3.7000,-1.7381,9.1381,0.4165
main,hard,greedy_tabpfn,50,10,5.7000,-1.1949,12.5949,0.5206
main,hard,greedy_tabpfn,60,10,7.2000,-1.2292,15.6292,0.6248
main,hard,greedy_tabpfn,70,10,9.4000,-1.4814,20.2814,0.7289
main,hard,greedy_tabpfn,80,10,10.6000,-1.6760,22.8760,0.8330
main,hard,greedy_tabpfn,90,10,12.6000,-1.9640,27.1640,0.9371
main,hard,greedy_tabpfn,100,10,14.9000,-2.0869,31.8869,1.0413
main,hard,greedy_tabpfn,110,10,16.6000,-2.0182,35.2182,1.1454
main,hard,greedy_tabpfn,120,10,18.3000,-2.1821,38.7821,1.2495
main,hard,greedy_tabpfn,130,10,19.0000,-2.2664,40.2664,1.3536
main,hard,greedy_tabpfn,140,10,19.7000,-2.1858,41.5858,1.4578
main,hard,greedy_tabpfn,150,10,20.3000,-1.8107,42.4107,1.5619
main,hard,greedy_tabpfn,160,10,21.3000,-0.8159,43.4159,1.6660
main,hard,greedy_tabpfn,170,10,22.3000,0.0355,44.5645,1.7701
main,hard,greedy_tabpfn,180,10,23.5000,1.1534,45.8466,1.8743
main,hard,greedy_tabpfn,190,10,25.0000,3.1455,46.8545,1.9784
main,hard,greedy_tabpfn,200,10,26.7000,4.7001,48.6999,2.0825
main,hard,greedy_xgb,10,10,0.9000,-0.4677,2.2677,0.1041
main,hard,greedy_xgb,20,10,2.7000,-0.7727,6.1727,0.2083
main,hard,greedy_xgb,30,10,4.5000,-0.2361,9.2361,0.3124
main,hard,greedy_xgb,40,10,6.4000,0.3751,12.4249,0.4165
main,hard,greedy_xgb,50,10,10.0000,1.6849,18.3151,0.5206
main,hard,greedy_xgb,60,10,13.4000,2.5868,24.2132,0.6248
main,hard,greedy_xgb,70,10,15.8000,3.2555,28.3445,0.7289
main,hard,greedy_xgb,80,10,18.7000,3.9042,33.4958,0.8330
main,hard,greedy_xgb,90,10,21.3000,4.8726,37.7274,0.9371
main,hard,greedy_xgb,100,10,23.9000,5.9591,41.8409,1.0413
main,hard,greedy_xgb,110,10,26.3000,6.9573,45.6427,1.1454
main,hard,greedy_xgb,120,10,27.8000,7.6348,47.9652,1.2495
main,hard,greedy_xgb,130,10,29.3000,8.1945,50.4055,1.3536
main,hard,greedy_xgb,140,10,30.6000,8.5946,52.6054,1.4578
main,hard,greedy_xgb,150,10,31.4000,8.7930,54.0070,1.5619
main,hard,greedy_xgb,160,10,32.1000,9.0072,55.1928,1.6660
main,hard,greedy_xgb,170,10,32.8000,9.3253,56.2747,1.7701
main,hard,greedy_xgb,180,10,33.2000,9.7108,56.6892,1.8743
main,hard,greedy_xgb,190,10,33.4000,9.9195,56.8805,1.9784
main,hard,greedy_xgb,200,10,33.6000,9.9747,57.2253,2.0825
main,hard,random,10,10,0.0000,0.0000,0.0000,0.1041
main,hard,random,20,10,0.2000,-0.1016,0.5016,0.2083
main,hard,random,30,10,0.5000,-0.1952,1.1952,0.3124
main,hard,random,40,10,0.6000,-0.0911,1.2911,0.4165
main,hard,random,50,10,0.7000,0.0214,1.3786,0.5206
main,hard,random,60,10,0.7000,0.0214,1.3786,0.6248
main,hard,random,70,10,0.8000,0.0612,1.5388,0.7289
main,hard,random,80,10,0.9000,0.1886,1.6114,0.8330
main,hard,random,90,10,1.1000,0.3886,1.8114,0.9371
main,hard,random,100,10,1.1000,0.3886,1.8114,1.0413
main,hard,random,110,10,1.2000,0.5426,1.8574,1.1454
main,hard,random,120,10,1.2000,0.5426,1.8574,1.2495
main,hard,random,130,10,1.3000,0.4705,2.1295,1.3536
main,hard,random,140,10,1.4000,0.5603,2.2397,1.4578
main,hard,random,150,10,1.5000,0.7273,2.2727,1.5619
main,hard,random,160,10,1.6000,0.8310,2.3690,1.6660
main,hard,random,170,10,1.6000,0.8310,2.3690,1.7701
main,hard,random,180,10,1.9000,1.0436,2.7564,1.8743
main,hard,random,190,10,2.1000,1.0099,3.1901,1.9784
main,hard,random,200,10,2.3000,0.8673,3.7327,2.0825
main,main,ei,10,10,0.5000,-0.6311,1.6311,0.1007
main,main,ei,20,10,1.7000,-0.5126,3.9126,0.2014
main,main,ei,30,10,4.1000,0.4454,7.7546,0.3020
main,main,ei,40,10,7.2000,1.1884,13.2116,0.4027
main,main,ei,50,10,10.3000,3.1064,17.4936,0.5034
main,main,ei,60,10,15.1000,7.6014,22.5986,0.6041
main,main,ei,70,10,20.5000,12.9651,28.0349,0.7048
main,main,ei,80,10,24.5000,17.0639,31.9361,0.8055
main,main,ei,90,10,27.9000,20.1479,35.6521,0.9061
main,main,ei,100,10,30.3000,21.5644,39.0356,1.0068
main,main,ei,110,10,34.1000,24.1280,44.0720,1.1075
main,main,ei,120,10,38.1000,27.1392,49.0608,1.2082
main,main,ei,130,10,41.1000,29.5975,52.6025,1.3089
main,main,ei,140,10,44.7000,32.2499,57.1501,1.4096
main,main,ei,150,10,49.7000,35.6251,63.7749,1.5102
main,main,ei,160,10,55.4000,41.1798,69.6202,1.6109
main,main,ei,170,10,60.9000,46.7429,75.0571,1.7116
main,main,ei,180,10,66.0000,52.2357,79.7643,1.8123
main,main,ei,190,10,73.4000,59.1558,87.6442,1.9130
main,main,ei,200,10,79.6000,65.2010,93.9990,2.0136
main,main,greedy_tabpfn,10,10,1.9000,-0.0504,3.8504,0.1007
main,main,greedy_tabpfn,20,10,4.6000,0.1748,9.0252,0.2014
main,main,greedy_tabpfn,30,10,7.0000,0.1137,13.8863,0.3020
main,main,greedy_tabpfn,40,10,8.9000,0.0776,17.7224,0.4027
main,main,greedy_tabpfn,50,10,10.7000,-0.1910,21.5910,0.5034
main,main,greedy_tabpfn,60,10,14.5000,1.5038,27.4962,0.6041
main,main,greedy_tabpfn,70,10,17.6000,2.9388,32.2612,0.7048
main,main,greedy_tabpfn,80,10,21.0000,4.1929,37.8071,0.8055
main,main,greedy_tabpfn,90,10,23.4000,5.1021,41.6979,0.9061
main,main,greedy_tabpfn,100,10,25.7000,5.7752,45.6248,1.0068
main,main,greedy_tabpfn,110,10,27.5000,6.3912,48.6088,1.1075
main,main,greedy_tabpfn,120,10,30.0000,7.3057,52.6943,1.2082
main,main,greedy_tabpfn,130,10,31.4000,7.8422,54.9578,1.3089
main,main,greedy_tabpfn,140,10,33.6000,9.3523,57.8477,1.4096
main,main,greedy_tabpfn,150,10,35.0000,10.7481,59.2519,1.5102
main,main,greedy_tabpfn,160,10,36.6000,12.3664,60.8336,1.6109
main,main,greedy_tabpfn,170,10,38.5000,13.9539,63.0461,1.7116
main,main,greedy_tabpfn,180,10,40.0000,15.1026,64.8974,1.8123
main,main,greedy_tabpfn,190,10,41.6000,16.1264,67.0736,1.9130
main,main,greedy_tabpfn,200,10,42.5000,16.2329,68.7671,2.0136
main,main,greedy_xgb,10,10,2.1000,-0.1734,4.3734,0.1007
main,main,greedy_xgb,20,10,4.8000,0.2034,9.3966,0.2014
main,main,greedy_xgb,30,10,8.4000,0.9872,15.8128,0.3020
main,main,greedy_xgb,40,10,11.7000,1.6451,21.7549,0.4027
main,main,greedy_xgb,50,10,15.3000,2.6281,27.9719,0.5034
main,main,greedy_xgb,60,10,18.8000,3.6595,33.9405,0.6041
main,main,greedy_xgb,70,10,21.5000,4.5405,38.4595,0.7048
main,main,greedy_xgb,80,10,23.4000,4.7574,42.0426,0.8055
main,main,greedy_xgb,90,10,25.7000,5.3097,46.0903,0.9061
main,main,greedy_xgb,100,10,27.1000,5.7124,48.4876,1.0068
main,main,greedy_xgb,110,10,28.4000,5.8888,50.9112,1.1075
main,main,greedy_xgb,120,10,29.4000,6.1263,52.6737,1.2082
main,main,greedy_xgb,130,10,30.8000,7.1756,54.4244,1.3089
main,main,greedy_xgb,140,10,31.8000,7.9195,55.6805,1.4096
main,main,greedy_xgb,150,10,32.3000,8.0644,56.5356,1.5102
main,main,greedy_xgb,160,10,32.5000,8.2780,56.7220,1.6109
main,main,greedy_xgb,170,10,33.3000,8.8356,57.7644,1.7116
main,main,greedy_xgb,180,10,34.1000,9.8400,58.3600,1.8123
main,main,greedy_xgb,190,10,34.7000,10.3170,59.0830,1.9130
main,main,greedy_xgb,200,10,35.6000,11.5194,59.6806,2.0136
main,main,random,10,10,0.3000,-0.0456,0.6456,0.1007
main,main,random,20,10,0.3000,-0.0456,0.6456,0.2014
main,main,random,30,10,0.3000,-0.0456,0.6456,0.3020
main,main,random,40,10,0.4000,0.0306,0.7694,0.4027
main,main,random,50,10,0.4000,0.0306,0.7694,0.5034
main,main,random,60,10,0.6000,0.0998,1.1002,0.6041
main,main,random,70,10,0.7000,0.2172,1.1828,0.7048
main,main,random,80,10,0.8000,0.3476,1.2524,0.8055
main,main,random,90,10,1.0000,0.6628,1.3372,0.9061
main,main,random,100,10,1.2000,0.7476,1.6524,1.0068
main,main,random,110,10,1.3000,0.8172,1.7828,1.1075
main,main,random,120,10,1.4000,0.7968,2.0032,1.2082
main,main,random,130,10,1.5000,0.9942,2.0058,1.3089
main,main,random,140,10,1.5000,0.9942,2.0058,1.4096
main,main,random,150,10,1.7000,1.1111,2.2889,1.5102
main,main,random,160,10,1.9000,1.3722,2.4278,1.6109
main,main,random,170,10,1.9000,1.3722,2.4278,1.7116
main,main,random,180,10,2.0000,1.3256,2.6744,1.8123
main,main,random,190,10,2.1000,1.2436,2.9564,1.9130
main,main,random,200,10,2.1000,1.2436,2.9564,2.0136
pilot,hard,ei,10,3,0.0000,0.0000,0.0000,0.1041
pilot,hard,ei,20,3,0.0000,0.0000,0.0000,0.2083
pilot,hard,ei,30,3,0.0000,0.0000,0.0000,0.3124
pilot,hard,ei,40,3,0.0000,0.0000,0.0000,0.4165
pilot,hard,ei,50,3,0.0000,0.0000,0.0000,0.5206
pilot,hard,ei,60,3,0.3333,-1.1009,1.7676,0.6248
pilot,hard,ei,70,3,0.6667,-2.2018,3.5351,0.7289
pilot,hard,ei,80,3,1.0000,-1.4841,3.4841,0.8330
pilot,hard,ei,90,3,1.0000,-1.4841,3.4841,0.9371
pilot,hard,ei,100,3,1.3333,-2.4612,5.1279,1.0413
pilot,hard,ei,110,3,3.3333,-3.8378,10.5044,1.1454
pilot,hard,ei,120,3,6.0000,-7.1448,19.1448,1.2495
pilot,hard,ei,130,3,11.3333,-13.5494,36.2161,1.3536
pilot,hard,ei,140,3,15.6667,-16.7543,48.0876,1.4578
pilot,hard,ei,150,3,19.6667,-21.7025,61.0358,1.5619
pilot,hard,ei,160,3,24.6667,-24.3492,73.6825,1.6660
pilot,hard,ei,170,3,30.3333,-24.6741,85.3408,1.7701
pilot,hard,ei,180,3,36.3333,-27.2108,99.8774,1.8743
pilot,hard,ei,190,3,42.6667,-19.2045,104.5378,1.9784
pilot,hard,ei,200,3,47.6667,-7.6763,103.0096,2.0825
pilot,hard,greedy_xgb,10,3,0.6667,-2.2018,3.5351,0.1041
pilot,hard,greedy_xgb,20,3,3.3333,-11.0088,17.6755,0.2083
pilot,hard,greedy_xgb,30,3,5.0000,-16.5133,26.5133,0.3124
pilot,hard,greedy_xgb,40,3,7.3333,-24.2195,38.8861,0.4165
pilot,hard,greedy_xgb,50,3,9.6667,-31.9256,51.2590,0.5206
pilot,hard,greedy_xgb,60,3,11.6667,-38.5309,61.8643,0.6248
pilot,hard,greedy_xgb,70,3,13.6667,-45.1363,72.4696,0.7289
pilot,hard,greedy_xgb,80,3,15.3333,-50.6407,81.3073,0.8330
pilot,hard,greedy_xgb,90,3,16.6667,-55.0442,88.3775,0.9371
pilot,hard,greedy_xgb,100,3,17.6667,-58.3469,93.6802,1.0413
pilot,hard,greedy_xgb,110,3,19.0000,-62.7504,100.7504,1.1454
pilot,hard,greedy_xgb,120,3,19.6667,-64.9522,104.2855,1.2495
pilot,hard,greedy_xgb,130,3,20.0000,-66.0531,106.0531,1.3536
pilot,hard,greedy_xgb,140,3,21.0000,-69.3557,111.3557,1.4578
pilot,hard,greedy_xgb,150,3,21.6667,-71.5575,114.8908,1.5619
pilot,hard,greedy_xgb,160,3,21.6667,-71.5575,114.8908,1.6660
pilot,hard,greedy_xgb,170,3,22.0000,-72.6584,116.6584,1.7701
pilot,hard,greedy_xgb,180,3,22.0000,-72.6584,116.6584,1.8743
pilot,hard,greedy_xgb,190,3,22.0000,-72.6584,116.6584,1.9784
pilot,hard,greedy_xgb,200,3,22.0000,-72.6584,116.6584,2.0825
pilot,hard,q90,10,3,0.0000,0.0000,0.0000,0.1041
pilot,hard,q90,20,3,0.0000,0.0000,0.0000,0.2083
pilot,hard,q90,30,3,0.3333,-1.1009,1.7676,0.3124
pilot,hard,q90,40,3,1.0000,-3.3027,5.3027,0.4165
pilot,hard,q90,50,3,3.0000,-9.9080,15.9080,0.5206
pilot,hard,q90,60,3,5.0000,-14.4017,24.4017,0.6248
pilot,hard,q90,70,3,6.3333,-16.7482,29.4149,0.7289
pilot,hard,q90,80,3,9.0000,-25.5107,43.5107,0.8330
pilot,hard,q90,90,3,12.0000,-35.3943,59.3943,0.9371
pilot,hard,q90,100,3,14.3333,-43.0891,71.7558,1.0413
pilot,hard,q90,110,3,15.6667,-45.4014,76.7347,1.1454
pilot,hard,q90,120,3,19.3333,-47.3848,86.0514,1.2495
pilot,hard,q90,130,3,22.6667,-50.5768,95.9101,1.3536
pilot,hard,q90,140,3,24.3333,-52.2464,100.9130,1.4578
pilot,hard,q90,150,3,27.3333,-52.9444,107.6111,1.5619
pilot,hard,q90,160,3,31.0000,-48.6088,110.6088,1.6660
pilot,hard,q90,170,3,33.3333,-44.9991,111.6658,1.7701
pilot,hard,q90,180,3,35.3333,-43.8609,114.5276,1.8743
pilot,hard,q90,190,3,37.6667,-43.6802,119.0135,1.9784
pilot,hard,q90,200,3,39.6667,-45.3160,124.6494,2.0825
pilot,hard,random,10,3,0.0000,0.0000,0.0000,0.1041
pilot,hard,random,20,3,0.3333,-1.1009,1.7676,0.2083
pilot,hard,random,30,3,0.3333,-1.1009,1.7676,0.3124
pilot,hard,random,40,3,0.3333,-1.1009,1.7676,0.4165
pilot,hard,random,50,3,0.3333,-1.1009,1.7676,0.5206
pilot,hard,random,60,3,1.0000,-1.4841,3.4841,0.6248
pilot,hard,random,70,3,1.0000,-1.4841,3.4841,0.7289
pilot,hard,random,80,3,1.0000,-1.4841,3.4841,0.8330
pilot,hard,random,90,3,1.3333,-0.1009,2.7676,0.9371
pilot,hard,random,100,3,1.3333,-0.1009,2.7676,1.0413
pilot,hard,random,110,3,2.0000,-0.4841,4.4841,1.1454
pilot,hard,random,120,3,2.0000,-0.4841,4.4841,1.2495
pilot,hard,random,130,3,2.0000,-0.4841,4.4841,1.3536
pilot,hard,random,140,3,2.0000,-0.4841,4.4841,1.4578
pilot,hard,random,150,3,2.0000,-0.4841,4.4841,1.5619
pilot,hard,random,160,3,2.0000,-0.4841,4.4841,1.6660
pilot,hard,random,170,3,2.0000,-0.4841,4.4841,1.7701
pilot,hard,random,180,3,2.0000,-0.4841,4.4841,1.8743
pilot,hard,random,190,3,2.3333,-0.5351,5.2018,1.9784
pilot,hard,random,200,3,2.6667,-1.1279,6.4612,2.0825
pilot,main,ei,10,3,0.3333,-1.1009,1.7676,0.1007
pilot,main,ei,20,3,3.0000,-1.3027,7.3027,0.2014
pilot,main,ei,30,3,7.6667,-6.8891,22.2224,0.3020
pilot,main,ei,40,3,11.3333,-13.5494,36.2161,0.4027
pilot,main,ei,50,3,16.3333,-13.6140,46.2807,0.5034
pilot,main,ei,60,3,19.0000,-17.5936,55.5936,0.6041
pilot,main,ei,70,3,22.0000,-24.5403,68.5403,0.7048
pilot,main,ei,80,3,26.0000,-26.1669,78.1669,0.8055
pilot,main,ei,90,3,34.0000,-21.9896,89.9896,0.9061
pilot,main,ei,100,3,42.3333,-15.0891,99.7558,1.0068
pilot,main,ei,110,3,49.0000,-17.2385,115.2385,1.1075
pilot,main,ei,120,3,54.0000,-18.8069,126.8069,1.2082
pilot,main,ei,130,3,61.0000,-6.5302,128.5302,1.3089
pilot,main,ei,140,3,67.0000,6.7117,127.2883,1.4096
pilot,main,ei,150,3,72.6667,21.4950,123.8383,1.5102
pilot,main,ei,160,3,77.3333,27.5678,127.0988,1.6109
pilot,main,ei,170,3,81.6667,35.8390,127.4944,1.7116
pilot,main,ei,180,3,88.6667,51.7930,125.5403,1.8123
pilot,main,ei,190,3,92.0000,60.2847,123.7153,1.9130
pilot,main,ei,200,3,99.3333,71.0825,127.5841,2.0136
pilot,main,greedy_xgb,10,3,1.6667,-2.1279,5.4612,0.1007
pilot,main,greedy_xgb,20,3,2.3333,-3.9183,8.5849,0.2014
pilot,main,greedy_xgb,30,3,3.3333,-0.4612,7.1279,0.3020
pilot,main,greedy_xgb,40,3,4.0000,-0.3027,8.3027,0.4027
pilot,main,greedy_xgb,50,3,6.0000,-2.9567,14.9567,0.5034
pilot,main,greedy_xgb,60,3,9.3333,-6.4431,25.1097,0.6041
pilot,main,greedy_xgb,70,3,10.0000,-7.3890,27.3890,0.7048
pilot,main,greedy_xgb,80,3,13.6667,-12.1891,39.5224,0.8055
pilot,main,greedy_xgb,90,3,17.3333,-16.0257,50.6924,0.9061
pilot,main,greedy_xgb,100,3,20.3333,-20.0546,60.7213,1.0068
pilot,main,greedy_xgb,110,3,23.3333,-21.2660,67.9327,1.1075
pilot,main,greedy_xgb,120,3,26.6667,-9.9551,63.2884,1.2082
pilot,main,greedy_xgb,130,3,27.6667,-8.5313,63.8647,1.3089
pilot,main,greedy_xgb,140,3,31.3333,-8.1272,70.7939,1.4096
pilot,main,greedy_xgb,150,3,33.3333,-6.2833,72.9499,1.5102
pilot,main,greedy_xgb,160,3,34.3333,-3.2858,71.9525,1.6109
pilot,main,greedy_xgb,170,3,36.0000,3.1379,68.8621,1.7116
pilot,main,greedy_xgb,180,3,40.6667,14.5734,66.7600,1.8123
pilot,main,greedy_xgb,190,3,45.0000,10.8488,79.1512,1.9130
pilot,main,greedy_xgb,200,3,49.0000,2.9931,95.0069,2.0136
pilot,main,q90,10,3,1.3333,-2.4612,5.1279,0.1007
pilot,main,q90,20,3,2.0000,-0.4841,4.4841,0.2014
pilot,main,q90,30,3,5.3333,-5.8683,16.5349,0.3020
pilot,main,q90,40,3,12.0000,-7.8731,31.8731,0.4027
pilot,main,q90,50,3,16.3333,-3.7457,36.4124,0.5034
pilot,main,q90,60,3,22.3333,5.7931,38.8735,0.6041
pilot,main,q90,70,3,28.3333,20.3479,36.3187,0.7048
pilot,main,q90,80,3,32.0000,27.0317,36.9683,0.8055
pilot,main,q90,90,3,38.6667,37.2324,40.1009,0.9061
pilot,main,q90,100,3,41.6667,34.0775,49.2558,1.0068
pilot,main,q90,110,3,46.0000,28.7894,63.2106,1.1075
pilot,main,q90,120,3,48.6667,30.3558,66.9775,1.2082
pilot,main,q90,130,3,51.0000,24.7104,77.2896,1.3089
pilot,main,q90,140,3,53.6667,20.3076,87.0257,1.4096
pilot,main,q90,150,3,58.6667,21.3770,95.9563,1.5102
pilot,main,q90,160,3,64.0000,28.1733,99.8267,1.6109
pilot,main,q90,170,3,70.3333,36.7898,103.8769,1.7116
pilot,main,q90,180,3,76.3333,53.9301,98.7365,1.8123
pilot,main,q90,190,3,81.6667,67.3245,96.0088,1.9130
pilot,main,q90,200,3,86.3333,80.0817,92.5849,2.0136
pilot,main,random,10,3,0.0000,0.0000,0.0000,0.1007
pilot,main,random,20,3,0.0000,0.0000,0.0000,0.2014
pilot,main,random,30,3,0.0000,0.0000,0.0000,0.3020
pilot,main,random,40,3,0.3333,-1.1009,1.7676,0.4027
pilot,main,random,50,3,0.3333,-1.1009,1.7676,0.5034
pilot,main,random,60,3,0.6667,-2.2018,3.5351,0.6041
pilot,main,random,70,3,0.6667,-2.2018,3.5351,0.7048
pilot,main,random,80,3,0.6667,-2.2018,3.5351,0.8055
pilot,main,random,90,3,0.6667,-2.2018,3.5351,0.9061
pilot,main,random,100,3,0.6667,-2.2018,3.5351,1.0068
pilot,main,random,110,3,0.6667,-2.2018,3.5351,1.1075
pilot,main,random,120,3,0.6667,-2.2018,3.5351,1.2082
pilot,main,random,130,3,0.6667,-2.2018,3.5351,1.3089
pilot,main,random,140,3,0.6667,-2.2018,3.5351,1.4096
pilot,main,random,150,3,1.0000,-1.4841,3.4841,1.5102
pilot,main,random,160,3,1.0000,-1.4841,3.4841,1.6109
pilot,main,random,170,3,1.0000,-1.4841,3.4841,1.7116
pilot,main,random,180,3,1.0000,-1.4841,3.4841,1.8123
pilot,main,random,190,3,1.0000,-1.4841,3.4841,1.9130
pilot,main,random,200,3,1.0000,-1.4841,3.4841,2.0136
