phase,scenario,acquisition,family,targets_found
main,hard,ei,iron-based,538
main,hard,ei,other,1
main,hard,greedy_tabpfn,iron-based,267
main,hard,greedy_xgb,iron-based,336
main,hard,random,iron-based,23
main,main,ei,cuprate,796
main,main,greedy_tabpfn,cuprate,425
main,main,greedy_xgb,cuprate,356
main,main,random,cuprate,21
pilot,hard,ei,iron-based,143
pilot,hard,greedy_xgb,iron-based,66
pilot,hard,q90,iron-based,119
pilot,hard,random,iron-based,8
pilot,main,ei,cuprate,298
pilot,main,greedy_xgb,cuprate,147
pilot,main,q90,cuprate,259
pilot,main,random,cuprate,3
