scenario,b,b_stalled,seeds,ei_mean,b_mean,mean_diff,ei_better,b_better,ties
hard,greedy_tabpfn,True,4,41.00,0.50,40.50,4,0,0
hard,greedy_tabpfn,False,6,62.50,44.17,18.33,3,3,0
hard,greedy_xgb,True,4,41.00,0.50,40.50,4,0,0
hard,greedy_xgb,False,6,62.50,55.67,6.83,2,3,1
hard,gp_ei,True,6,48.67,0.67,48.00,6,0,0
hard,gp_ei,False,4,61.75,49.50,12.25,4,0,0
main,greedy_tabpfn,True,3,74.00,0.00,74.00,3,0,0
main,greedy_tabpfn,False,7,82.00,60.71,21.29,6,1,0
main,greedy_xgb,True,3,74.00,0.00,74.00,3,0,0
main,greedy_xgb,False,7,82.00,50.86,31.14,6,1,0
main,gp_ei,True,3,84.67,1.33,83.33,3,0,0
main,gp_ei,False,7,77.43,40.57,36.86,6,1,0
