scenario,seed,ei,gp_ei,greedy_tabpfn,greedy_xgb,random
hard,0,28.0,1.0,1.0,2.0,1.0
hard,1,51.0,2.0,1.0,0.0,4.0
hard,2,62.0,0.0,0.0,0.0,2.0
hard,3,23.0,0.0,0.0,0.0,1.0
hard,4,50.0,47.0,68.0,64.0,1.0
hard,5,64.0,45.0,67.0,65.0,0.0
hard,6,62.0,0.0,10.0,63.0,2.0
hard,7,66.0,1.0,41.0,10.0,7.0
hard,8,66.0,44.0,11.0,66.0,2.0
hard,9,67.0,62.0,68.0,66.0,3.0
main,0,70.0,19.0,0.0,0.0,1.0
main,1,52.0,53.0,111.0,87.0,1.0
main,2,96.0,26.0,85.0,87.0,2.0
main,3,94.0,44.0,50.0,49.0,2.0
main,4,87.0,0.0,0.0,0.0,5.0
main,5,48.0,30.0,41.0,14.0,1.0
main,6,103.0,41.0,50.0,48.0,2.0
main,7,102.0,3.0,37.0,23.0,2.0
main,8,65.0,1.0,0.0,0.0,2.0
main,9,79.0,71.0,51.0,48.0,3.0
