phase,scenario,a,b,experiments,seeds,mean_diff,diff_lo,diff_hi,a_better,b_better,ties
main,main,ei,greedy_tabpfn,50,10,-0.4000,-11.4164,10.6164,7,2,1
main,main,ei,greedy_tabpfn,100,10,4.6000,-15.2423,24.4423,6,4,0
main,main,ei,greedy_tabpfn,200,10,37.1000,6.6239,67.5761,9,1,0
main,main,ei,greedy_xgb,50,10,-5.0000,-19.2114,9.2114,5,4,1
main,main,ei,greedy_xgb,100,10,3.2000,-18.6592,25.0592,6,4,0
main,main,ei,greedy_xgb,200,10,44.0000,17.8267,70.1733,9,1,0
main,main,ei,random,50,10,9.9000,2.8147,16.9853,10,0,0
main,main,ei,random,100,10,29.1000,20.5659,37.6341,10,0,0
main,main,ei,random,200,10,77.5000,63.4364,91.5636,10,0,0
main,hard,ei,greedy_tabpfn,50,10,0.0000,-7.3341,7.3341,3,3,4
main,hard,ei,greedy_tabpfn,100,10,5.9000,-12.8165,24.6165,6,2,2
main,hard,ei,greedy_tabpfn,200,10,27.2000,7.4047,46.9953,7,3,0
main,hard,ei,greedy_xgb,50,10,-4.3000,-11.7116,3.1116,3,4,3
main,hard,ei,greedy_xgb,100,10,-3.1000,-19.8917,13.6917,6,3,1
main,hard,ei,greedy_xgb,200,10,20.3000,0.5443,40.0557,6,3,1
main,hard,ei,random,50,10,5.0000,-0.8603,10.8603,4,0,6
main,hard,ei,random,100,10,19.7000,3.8504,35.5496,8,0,2
main,hard,ei,random,200,10,51.6000,40.5013,62.6987,10,0,0
