phase,scenario,acquisition,p_lo,p_hi,n,predicted,observed
main,hard,ei,0.00000,0.00100,333731,0.00063,0.00274
main,hard,ei,0.00100,0.00500,667223,0.00236,0.00393
main,hard,ei,0.00500,0.01000,207415,0.00713,0.00574
main,hard,ei,0.01000,0.02000,140008,0.01389,0.00984
main,hard,ei,0.02000,0.05000,90945,0.03064,0.01869
main,hard,ei,0.05000,0.10000,33337,0.06951,0.02274
main,hard,ei,0.10000,0.20000,15553,0.13968,0.05658
main,hard,ei,0.20000,0.50000,8885,0.30191,0.16939
main,hard,ei,0.50000,1.00000,1303,0.60745,0.44206
main,hard,gp_ei,0.00000,0.00100,850998,0.00014,0.00834
main,hard,gp_ei,0.00100,0.00500,178928,0.00253,0.01695
main,hard,gp_ei,0.00500,0.01000,70451,0.00720,0.00845
main,hard,gp_ei,0.01000,0.02000,73729,0.01414,0.00663
main,hard,gp_ei,0.02000,0.05000,131638,0.03503,0.00849
main,hard,gp_ei,0.05000,0.10000,102311,0.07315,0.00609
main,hard,gp_ei,0.10000,0.20000,87501,0.12421,0.00862
main,hard,gp_ei,0.20000,0.50000,2813,0.25079,0.11234
main,hard,gp_ei,0.50000,1.00000,31,0.54537,0.64516
main,hard,greedy_tabpfn,0.00000,0.00100,366560,0.00060,0.00312
main,hard,greedy_tabpfn,0.00100,0.00500,702038,0.00232,0.00735
main,hard,greedy_tabpfn,0.00500,0.01000,195847,0.00702,0.01000
main,hard,greedy_tabpfn,0.01000,0.02000,113812,0.01396,0.00970
main,hard,greedy_tabpfn,0.02000,0.05000,82849,0.03070,0.02307
main,hard,greedy_tabpfn,0.05000,0.10000,23136,0.06941,0.02256
main,hard,greedy_tabpfn,0.10000,0.20000,9772,0.13592,0.04697
main,hard,greedy_tabpfn,0.20000,0.50000,3919,0.28808,0.19393
main,hard,greedy_tabpfn,0.50000,1.00000,467,0.62578,0.51606
main,main,ei,0.00000,0.00100,1056881,0.00060,0.00002
main,main,ei,0.00100,0.00500,1160283,0.00240,0.00142
main,main,ei,0.00500,0.01000,345653,0.00703,0.00476
main,main,ei,0.01000,0.02000,208612,0.01397,0.01385
main,main,ei,0.02000,0.05000,145362,0.03096,0.04438
main,main,ei,0.05000,0.10000,49992,0.06847,0.09339
main,main,ei,0.10000,0.20000,21878,0.13650,0.13013
main,main,ei,0.20000,0.50000,9440,0.30183,0.28305
main,main,ei,0.50000,1.00000,2299,0.65245,0.65289
main,main,gp_ei,0.00000,0.00100,1178110,0.00019,0.00356
main,main,gp_ei,0.00100,0.00500,450418,0.00257,0.00859
main,main,gp_ei,0.00500,0.01000,193146,0.00731,0.01847
main,main,gp_ei,0.01000,0.02000,203127,0.01454,0.01442
main,main,gp_ei,0.02000,0.05000,386673,0.03628,0.01240
main,main,gp_ei,0.05000,0.10000,198931,0.07019,0.01789
main,main,gp_ei,0.10000,0.20000,265298,0.14593,0.00980
main,main,gp_ei,0.20000,0.50000,124293,0.21770,0.01623
main,main,gp_ei,0.50000,1.00000,404,0.65944,0.46535
main,main,greedy_tabpfn,0.00000,0.00100,1447140,0.00056,0.00334
main,main,greedy_tabpfn,0.00100,0.00500,864329,0.00230,0.00698
main,main,greedy_tabpfn,0.00500,0.01000,256010,0.00706,0.00600
main,main,greedy_tabpfn,0.01000,0.02000,168015,0.01412,0.00902
main,main,greedy_tabpfn,0.02000,0.05000,152582,0.03165,0.01771
main,main,greedy_tabpfn,0.05000,0.10000,68723,0.06960,0.06525
main,main,greedy_tabpfn,0.10000,0.20000,30415,0.13604,0.06970
main,main,greedy_tabpfn,0.20000,0.50000,11921,0.28809,0.16551
main,main,greedy_tabpfn,0.50000,1.00000,1265,0.64204,0.56126
pilot,hard,ei,0.00000,0.00100,107875,0.00060,0.00127
pilot,hard,ei,0.00100,0.00500,222086,0.00236,0.00513
pilot,hard,ei,0.00500,0.01000,62243,0.00698,0.00958
pilot,hard,ei,0.01000,0.02000,31399,0.01389,0.02424
pilot,hard,ei,0.02000,0.05000,17441,0.03001,0.03773
pilot,hard,ei,0.05000,0.10000,5142,0.06852,0.04259
pilot,hard,ei,0.10000,0.20000,1950,0.13733,0.11897
pilot,hard,ei,0.20000,0.50000,1220,0.29870,0.25246
pilot,hard,ei,0.50000,1.00000,164,0.63487,0.64634
pilot,hard,q90,0.00000,0.00100,84262,0.00062,0.00246
pilot,hard,q90,0.00100,0.00500,212616,0.00241,0.00706
pilot,hard,q90,0.00500,0.01000,70255,0.00714,0.00683
pilot,hard,q90,0.01000,0.02000,42963,0.01382,0.00982
pilot,hard,q90,0.02000,0.05000,25404,0.03060,0.01346
pilot,hard,q90,0.05000,0.10000,8808,0.07039,0.01760
pilot,hard,q90,0.10000,0.20000,3465,0.12973,0.04791
pilot,hard,q90,0.20000,0.50000,1306,0.31535,0.26187
pilot,hard,q90,0.50000,1.00000,441,0.64548,0.52381
pilot,main,ei,0.00000,0.00100,338697,0.00059,0.00000
pilot,main,ei,0.00100,0.00500,302163,0.00235,0.00004
pilot,main,ei,0.00500,0.01000,93971,0.00709,0.00164
pilot,main,ei,0.01000,0.02000,64527,0.01409,0.00654
pilot,main,ei,0.02000,0.05000,52482,0.03137,0.02216
pilot,main,ei,0.05000,0.10000,27024,0.07031,0.05824
pilot,main,ei,0.10000,0.20000,12587,0.13724,0.10161
pilot,main,ei,0.20000,0.50000,7072,0.30943,0.16148
pilot,main,ei,0.50000,1.00000,1597,0.65436,0.56168
pilot,main,q90,0.00000,0.00100,294270,0.00062,0.00000
pilot,main,q90,0.00100,0.00500,316964,0.00236,0.00011
pilot,main,q90,0.00500,0.01000,93493,0.00713,0.00075
pilot,main,q90,0.01000,0.02000,77023,0.01419,0.00428
pilot,main,q90,0.02000,0.05000,68782,0.03191,0.01169
pilot,main,q90,0.05000,0.10000,34036,0.06893,0.07043
pilot,main,q90,0.10000,0.20000,11358,0.13211,0.15593
pilot,main,q90,0.20000,0.50000,3254,0.29405,0.24862
pilot,main,q90,0.50000,1.00000,940,0.72818,0.69468
