phase,scenario,acquisition,seeds,targets_in_pool,first_hit_median,first_hit_min,first_hit_max,runs_without_hit,random_expected_first_hit,found_50,found_50_lo,found_50_hi,random_50,enrichment_50,found_100,found_100_lo,found_100_hi,random_100,enrichment_100,found_200,found_200_lo,found_200_hi,random_200,enrichment_200
main,hard,ei,10,79,37.0000,1,99,0,94.8500,5.7000,-0.4171,11.8171,0.5206,10.9483,20.8000,4.6351,36.9649,1.0413,19.9759,53.9000,42.3482,65.4518,2.0825,25.8822
main,hard,greedy_tabpfn,10,79,72.5000,1,181,2,94.8500,5.7000,-1.1949,12.5949,0.5206,10.9483,14.9000,-2.0869,31.8869,1.0413,14.3097,26.7000,4.7001,48.6999,2.0825,12.8211
main,hard,greedy_xgb,10,79,27.0000,4,91,3,94.8500,10.0000,1.6849,18.3151,0.5206,19.2076,23.9000,5.9591,41.8409,1.0413,22.9531,33.6000,9.9747,57.2253,2.0825,16.1344
main,hard,random,10,79,46.0000,14,147,1,94.8500,0.7000,0.0214,1.3786,0.5206,1.3445,1.1000,0.3886,1.8114,1.0413,1.0564,2.3000,0.8673,3.7327,2.0825,1.1044
main,main,ei,10,152,20.0000,1,44,0,98.6797,10.3000,3.1064,17.4936,0.5034,20.4604,30.3000,21.5644,39.0356,1.0068,30.0947,79.6000,65.2010,93.9990,2.0136,39.5303
main,main,greedy_tabpfn,10,152,6.0000,1,54,3,98.6797,10.7000,-0.1910,21.5910,0.5034,21.2550,25.7000,5.7752,45.6248,1.0068,25.5258,42.5000,16.2329,68.7671,2.0136,21.1060
main,main,greedy_xgb,10,152,2.0000,1,44,3,98.6797,15.3000,2.6281,27.9719,0.5034,30.3926,27.1000,5.7124,48.4876,1.0068,26.9164,35.6000,11.5194,59.6806,2.0136,17.6794
main,main,random,10,152,60.0000,3,129,0,98.6797,0.4000,0.0306,0.7694,0.5034,0.7946,1.2000,0.7476,1.6524,1.0068,1.1919,2.1000,1.2436,2.9564,2.0136,1.0429
pilot,hard,ei,3,79,73.0000,55,136,0,94.8500,0.0000,0.0000,0.0000,0.5206,0.0000,1.3333,-2.4612,5.1279,1.0413,1.2805,47.6667,-7.6763,103.0096,2.0825,22.8891
pilot,hard,greedy_xgb,3,79,6.0000,6,6,2,94.8500,9.6667,-31.9256,51.2590,0.5206,18.5673,17.6667,-58.3469,93.6802,1.0413,16.9667,22.0000,-72.6584,116.6584,2.0825,10.5642
pilot,hard,q90,3,79,51.0000,28,166,0,94.8500,3.0000,-9.9080,15.9080,0.5206,5.7623,14.3333,-43.0891,71.7558,1.0413,13.7654,39.6667,-45.3160,124.6494,2.0825,19.0475
pilot,hard,random,3,79,56.0000,12,83,0,94.8500,0.3333,-1.1009,1.7676,0.5206,0.6403,1.3333,-0.1009,2.7676,1.0413,1.2805,2.6667,-1.1279,6.4612,2.0825,1.2805
pilot,main,ei,3,152,16.0000,5,18,0,98.6797,16.3333,-13.6140,46.2807,0.5034,32.4453,42.3333,-15.0891,99.7558,1.0068,42.0465,99.3333,71.0825,127.5841,2.0136,49.3301
pilot,main,greedy_xgb,3,152,8.0000,4,25,0,98.6797,6.0000,-2.9567,14.9567,0.5034,11.9187,20.3333,-20.0546,60.7213,1.0068,20.1955,49.0000,2.9931,95.0069,2.0136,24.3340
pilot,main,q90,3,152,6.0000,4,14,0,98.6797,16.3333,-3.7457,36.4124,0.5034,32.4453,41.6667,34.0775,49.2558,1.0068,41.3843,86.3333,80.0817,92.5849,2.0136,42.8742
pilot,main,random,3,152,93.0000,37,149,1,98.6797,0.3333,-1.1009,1.7676,0.5034,0.6621,0.6667,-2.2018,3.5351,1.0068,0.6621,1.0000,-1.4841,3.4841,2.0136,0.4966
