model,features,n_label,n_train,splits,rmse,rmse_sd,mae,mae_sd,crps,crps_sd
tabpfn,engineered,100,100.0000,5,18.5873,0.8190,13.3342,0.7172,8.8172,0.4057
tabpfn,engineered,300,300.0000,5,15.1507,0.1960,10.1601,0.2113,6.8922,0.1262
tabpfn,engineered,1000,1000.0000,5,12.9472,0.3910,8.1329,0.2804,5.5807,0.1821
tabpfn,engineered,3000,3000.0000,5,11.1849,0.3697,6.7177,0.2282,4.6400,0.1623
tabpfn,engineered,10000,10000.0000,5,9.4376,0.2492,5.2802,0.1550,3.6759,0.1023
tabpfn,engineered,full,14175.0000,5,9.0563,0.2684,4.9728,0.1553,3.4649,0.1021
xgb_hamidieh,engineered,full,14175.0000,5,9.7688,0.2780,5.6082,0.1783,,
xgb_tuned,engineered,full,14175.0000,5,9.7003,0.3054,5.6155,0.1710,,
tabpfn,composition,100,100.0000,5,17.5269,1.0561,12.5596,0.8243,8.2775,0.4076
tabpfn,composition,300,300.0000,5,15.3448,0.5430,10.2732,0.4627,6.9512,0.2419
tabpfn,composition,1000,1000.0000,5,13.0994,0.4852,8.2350,0.4050,5.6544,0.2372
tabpfn,composition,3000,3000.0000,5,11.0820,0.3748,6.7378,0.2561,4.5853,0.1390
tabpfn,composition,10000,10000.0000,5,9.3274,0.3094,5.2829,0.1774,3.6502,0.1180
tabpfn,composition,full,14175.0000,5,8.9359,0.3082,4.9684,0.1451,3.4422,0.1032
xgb_hamidieh,composition,full,14175.0000,5,10.0067,0.2693,6.1242,0.1320,,
xgb_tuned,composition,full,14175.0000,5,9.8227,0.3746,5.8101,0.2230,,
