features,n_label,b,b_variant,n_splits,mean_diff,std_diff,a_better_splits,b_better_splits
composition,100,xgb_tuned,xgb_tuned,5,-2.1171,1.1380,5,0
composition,100,xgb_hamidieh,xgb_hamidieh,5,-0.6453,0.6680,4,1
composition,100,xgb_best,xgb_hamidieh,5,-0.6453,0.6680,4,1
composition,1000,xgb_tuned,xgb_tuned,5,-1.0435,0.1946,5,0
composition,1000,xgb_hamidieh,xgb_hamidieh,5,-0.5759,0.2494,5,0
composition,1000,xgb_best,xgb_hamidieh,5,-0.5759,0.2494,5,0
composition,10000,xgb_tuned,xgb_tuned,5,-1.0228,0.1681,5,0
composition,10000,xgb_hamidieh,xgb_hamidieh,5,-1.0757,0.0669,5,0
composition,10000,xgb_best,xgb_tuned,5,-1.0228,0.1681,5,0
composition,300,xgb_tuned,xgb_tuned,5,-1.2659,1.0535,4,1
composition,300,xgb_hamidieh,xgb_hamidieh,5,-0.1489,0.2098,4,1
composition,300,xgb_best,xgb_hamidieh,5,-0.1489,0.2098,4,1
composition,3000,xgb_tuned,xgb_tuned,5,-1.2743,0.3665,5,0
composition,3000,xgb_hamidieh,xgb_hamidieh,5,-0.8803,0.1481,5,0
composition,3000,xgb_best,xgb_hamidieh,5,-0.8803,0.1481,5,0
composition,full,xgb_tuned,xgb_tuned,5,-0.8868,0.1410,5,0
composition,full,xgb_hamidieh,xgb_hamidieh,5,-1.0708,0.0510,5,0
composition,full,xgb_best,xgb_tuned,5,-0.8868,0.1410,5,0
engineered,100,xgb_tuned,xgb_tuned,5,-1.7291,1.5637,4,1
engineered,100,xgb_hamidieh,xgb_hamidieh,5,-0.8199,1.3841,4,1
engineered,100,xgb_best,xgb_hamidieh,5,-0.8199,1.3841,4,1
engineered,1000,xgb_tuned,xgb_tuned,5,-1.2453,0.2563,5,0
engineered,1000,xgb_hamidieh,xgb_hamidieh,5,-0.9111,0.1219,5,0
engineered,1000,xgb_best,xgb_hamidieh,5,-0.9111,0.1219,5,0
engineered,10000,xgb_tuned,xgb_tuned,5,-0.6556,0.1168,5,0
engineered,10000,xgb_hamidieh,xgb_hamidieh,5,-0.7114,0.1103,5,0
engineered,10000,xgb_best,xgb_tuned,5,-0.6556,0.1168,5,0
engineered,300,xgb_tuned,xgb_tuned,5,-1.7859,0.6395,5,0
engineered,300,xgb_hamidieh,xgb_hamidieh,5,-1.1557,0.5958,5,0
engineered,300,xgb_best,xgb_hamidieh,5,-1.1557,0.5958,5,0
engineered,3000,xgb_tuned,xgb_tuned,5,-0.8129,0.1508,5,0
engineered,3000,xgb_hamidieh,xgb_hamidieh,5,-0.9282,0.1257,5,0
engineered,3000,xgb_best,xgb_tuned,5,-0.8129,0.1508,5,0
engineered,full,xgb_tuned,xgb_tuned,5,-0.6441,0.0573,5,0
engineered,full,xgb_hamidieh,xgb_hamidieh,5,-0.7125,0.0888,5,0
engineered,full,xgb_best,xgb_tuned,5,-0.6441,0.0573,5,0
