model,features,split,n,mse,rmse,mae,r2,n_train,crps,n_label
tabpfn,engineered,0,7088,341.4208,18.4776,13.1588,0.7118,100,8.7594,100
xgb_hamidieh,engineered,0,7088,391.7324,19.7922,13.8822,0.6693,100,,100
xgb_tuned,engineered,0,7088,468.0735,21.6350,14.9827,0.6049,100,,100
tabpfn,engineered,0,7088,239.3850,15.4721,10.5263,0.7979,300,7.0475,300
xgb_hamidieh,engineered,0,7088,282.6890,16.8134,11.2628,0.7614,300,,300
xgb_tuned,engineered,0,7088,330.7030,18.1852,12.3086,0.7208,300,,300
tabpfn,engineered,0,7088,168.5826,12.9839,8.1317,0.8577,1000,5.5736,1000
xgb_hamidieh,engineered,0,7088,193.9583,13.9269,8.9243,0.8363,1000,,1000
xgb_tuned,engineered,0,7088,196.7406,14.0264,9.2623,0.8339,1000,,1000
tabpfn,engineered,0,7088,124.5670,11.1610,6.7978,0.8948,3000,4.6457,3000
xgb_hamidieh,engineered,0,7088,150.9244,12.2851,7.5606,0.8726,3000,,3000
xgb_tuned,engineered,0,7088,140.1919,11.8403,7.3786,0.8817,3000,,3000
tabpfn,engineered,0,7088,87.8740,9.3741,5.3076,0.9258,10000,3.6785,10000
xgb_hamidieh,engineered,0,7088,104.6822,10.2314,6.0009,0.9116,10000,,10000
xgb_tuned,engineered,0,7088,99.7247,9.9862,5.9892,0.9158,10000,,10000
tabpfn,engineered,0,7088,80.6277,8.9793,4.9844,0.9319,14175,3.4759,full
xgb_hamidieh,engineered,0,7088,95.9041,9.7931,5.6819,0.9190,14175,,full
xgb_tuned,engineered,0,7088,93.4440,9.6666,5.7069,0.9211,14175,,full
tabpfn,engineered,1,7088,355.0420,18.8426,13.3059,0.7095,100,8.9903,100
xgb_hamidieh,engineered,1,7088,388.2307,19.7036,13.8364,0.6823,100,,100
xgb_tuned,engineered,1,7088,457.7558,21.3952,15.8204,0.6255,100,,100
tabpfn,engineered,1,7088,230.5163,15.1828,10.1046,0.8114,300,6.9468,300
xgb_hamidieh,engineered,1,7088,298.8753,17.2880,11.6667,0.7555,300,,300
xgb_tuned,engineered,1,7088,295.3322,17.1852,12.0670,0.7584,300,,300
tabpfn,engineered,1,7088,169.6653,13.0256,8.1146,0.8612,1000,5.6385,1000
xgb_hamidieh,engineered,1,7088,196.9765,14.0348,8.9368,0.8388,1000,,1000
xgb_tuned,engineered,1,7088,198.3092,14.0822,8.8939,0.8377,1000,,1000
tabpfn,engineered,1,7088,130.6774,11.4314,6.8036,0.8931,3000,4.7148,3000
xgb_hamidieh,engineered,1,7088,151.0238,12.2892,7.4535,0.8764,3000,,3000
xgb_tuned,engineered,1,7088,146.1059,12.0874,7.3513,0.8805,3000,,3000
tabpfn,engineered,1,7088,93.9204,9.6913,5.4019,0.9232,10000,3.7699,10000
xgb_hamidieh,engineered,1,7088,107.5699,10.3716,5.9946,0.9120,10000,,10000
xgb_tuned,engineered,1,7088,108.4928,10.4160,6.1053,0.9112,10000,,10000
tabpfn,engineered,1,7088,87.5099,9.3547,5.0788,0.9284,14175,3.5451,full
xgb_hamidieh,engineered,1,7088,99.5634,9.9781,5.6751,0.9185,14175,,full
xgb_tuned,engineered,1,7088,100.1784,10.0089,5.6773,0.9180,14175,,full
tabpfn,engineered,2,7088,300.8073,17.3438,12.2833,0.7384,100,8.2449,100
xgb_hamidieh,engineered,2,7088,311.7119,17.6554,12.5853,0.7290,100,,100
xgb_tuned,engineered,2,7088,397.1062,19.9275,15.2453,0.6547,100,,100
tabpfn,engineered,2,7088,227.9127,15.0968,9.9855,0.8018,300,6.7034,300
xgb_hamidieh,engineered,2,7088,246.4490,15.6987,10.5303,0.7857,300,,300
xgb_tuned,engineered,2,7088,274.6634,16.5730,11.0419,0.7612,300,,300
tabpfn,engineered,2,7088,151.4597,12.3069,7.7434,0.8683,1000,5.3063,1000
xgb_hamidieh,engineered,2,7088,176.7872,13.2961,8.4483,0.8463,1000,,1000
xgb_tuned,engineered,2,7088,183.1889,13.5347,8.7840,0.8407,1000,,1000
tabpfn,engineered,2,7088,111.5812,10.5632,6.3161,0.9030,3000,4.3595,3000
xgb_hamidieh,engineered,2,7088,130.2752,11.4138,6.9313,0.8867,3000,,3000
xgb_tuned,engineered,2,7088,132.3741,11.5054,7.1838,0.8849,3000,,3000
tabpfn,engineered,2,7088,82.3487,9.0746,5.0145,0.9284,10000,3.5089,10000
xgb_hamidieh,engineered,2,7088,93.1498,9.6514,5.5394,0.9190,10000,,10000
xgb_tuned,engineered,2,7088,94.2337,9.7074,5.5327,0.9181,10000,,10000
tabpfn,engineered,2,7088,74.6406,8.6395,4.7280,0.9351,14175,3.2912,full
xgb_hamidieh,engineered,2,7088,86.4321,9.2969,5.3130,0.9248,14175,,full
xgb_tuned,engineered,2,7088,84.7441,9.2057,5.3342,0.9263,14175,,full
tabpfn,engineered,3,7088,384.7160,19.6142,14.2208,0.6675,100,9.3564,100
xgb_hamidieh,engineered,3,7088,343.3022,18.5284,13.2583,0.7033,100,,100
xgb_tuned,engineered,3,7088,358.0373,18.9219,13.7741,0.6905,100,,100
tabpfn,engineered,3,7088,224.1923,14.9731,10.0641,0.8062,300,6.8628,300
xgb_hamidieh,engineered,3,7088,252.8793,15.9022,10.6140,0.7814,300,,300
xgb_tuned,engineered,3,7088,254.8510,15.9641,10.8301,0.7797,300,,300
tabpfn,engineered,3,7088,178.9542,13.3774,8.5358,0.8453,1000,5.8130,1000
xgb_hamidieh,engineered,3,7088,204.1077,14.2866,9.1254,0.8236,1000,,1000
xgb_tuned,engineered,3,7088,213.2012,14.6014,9.7718,0.8157,1000,,1000
tabpfn,engineered,3,7088,127.3800,11.2863,6.8879,0.8899,3000,4.7174,3000
xgb_hamidieh,engineered,3,7088,150.5553,12.2701,7.5940,0.8699,3000,,3000
xgb_tuned,engineered,3,7088,150.7169,12.2767,7.4310,0.8697,3000,,3000
tabpfn,engineered,3,7088,88.2609,9.3947,5.2990,0.9237,10000,3.6748,10000
xgb_hamidieh,engineered,3,7088,101.0486,10.0523,5.8613,0.9127,10000,,10000
xgb_tuned,engineered,3,7088,97.9099,9.8949,5.8219,0.9154,10000,,10000
tabpfn,engineered,3,7088,84.0559,9.1682,5.1289,0.9273,14175,3.5343,full
xgb_hamidieh,engineered,3,7088,99.4173,9.9708,5.7809,0.9141,14175,,full
xgb_tuned,engineered,3,7088,97.4822,9.8733,5.7730,0.9157,14175,,full
tabpfn,engineered,4,7088,348.1326,18.6583,13.7022,0.6991,100,8.7349,100
xgb_hamidieh,engineered,4,7088,456.0842,21.3561,14.7870,0.6058,100,,100
xgb_tuned,engineered,4,7088,388.1855,19.7024,14.1045,0.6645,100,,100
tabpfn,engineered,4,7088,225.8709,15.0290,10.1198,0.8048,300,6.9004,300
xgb_hamidieh,engineered,4,7088,250.5830,15.8298,10.8772,0.7834,300,,300
xgb_tuned,engineered,4,7088,281.4300,16.7759,11.6414,0.7568,300,,300
tabpfn,engineered,4,7088,170.0958,13.0421,8.1389,0.8530,1000,5.5718,1000
xgb_hamidieh,engineered,4,7088,188.9715,13.7467,8.9170,0.8367,1000,,1000
xgb_tuned,engineered,4,7088,216.6122,14.7178,9.8515,0.8128,1000,,1000
tabpfn,engineered,4,7088,131.8540,11.4828,6.7831,0.8860,3000,4.7629,3000
xgb_hamidieh,engineered,4,7088,151.4764,12.3076,7.4778,0.8691,3000,,3000
xgb_tuned,engineered,4,7088,150.7872,12.2795,7.4920,0.8697,3000,,3000
tabpfn,engineered,4,7088,93.1835,9.6532,5.3781,0.9195,10000,3.7473,10000
xgb_hamidieh,engineered,4,7088,108.9558,10.4382,6.0469,0.9058,10000,,10000
xgb_tuned,engineered,4,7088,109.4392,10.4613,6.2573,0.9054,10000,,10000
tabpfn,engineered,4,7088,83.5358,9.1398,4.9438,0.9278,14175,3.4781,full
xgb_hamidieh,engineered,4,7088,96.1392,9.8051,5.5901,0.9169,14175,,full
xgb_tuned,engineered,4,7088,95.0078,9.7472,5.5861,0.9179,14175,,full
tabpfn,composition,0,7088,354.6871,18.8331,13.4473,0.7006,100,8.7482,100
xgb_hamidieh,composition,0,7088,335.2509,18.3099,12.6280,0.7170,100,,100
xgb_tuned,composition,0,7088,368.1963,19.1884,12.9736,0.6892,100,,100
tabpfn,composition,0,7088,260.5425,16.1413,10.8232,0.7801,300,7.2090,300
xgb_hamidieh,composition,0,7088,264.8293,16.2736,10.8734,0.7764,300,,300
xgb_tuned,composition,0,7088,336.6100,18.3469,12.6689,0.7158,300,,300
tabpfn,composition,0,7088,170.0438,13.0401,8.3063,0.8564,1000,5.6103,1000
xgb_hamidieh,composition,0,7088,182.1791,13.4974,8.7394,0.8462,1000,,1000
xgb_tuned,composition,0,7088,201.3603,14.1901,9.1719,0.8300,1000,,1000
tabpfn,composition,0,7088,124.9737,11.1792,6.9161,0.8945,3000,4.6617,3000
xgb_hamidieh,composition,0,7088,142.5060,11.9376,7.5857,0.8797,3000,,3000
xgb_tuned,composition,0,7088,145.5792,12.0656,7.7386,0.8771,3000,,3000
tabpfn,composition,0,7088,87.2956,9.3432,5.3516,0.9263,10000,3.6742,10000
xgb_hamidieh,composition,0,7088,109.8035,10.4787,6.5579,0.9073,10000,,10000
xgb_tuned,composition,0,7088,102.0160,10.1003,6.1030,0.9139,10000,,10000
tabpfn,composition,0,7088,77.8199,8.8216,4.9942,0.9343,14175,3.4335,full
xgb_hamidieh,composition,0,7088,99.2169,9.9608,6.1639,0.9162,14175,,full
xgb_tuned,composition,0,7088,92.7663,9.6315,5.6717,0.9217,14175,,full
tabpfn,composition,1,7088,319.5038,17.8747,12.2675,0.7386,100,8.6063,100
xgb_hamidieh,composition,1,7088,351.4891,18.7480,12.6287,0.7124,100,,100
xgb_tuned,composition,1,7088,429.1841,20.7168,15.2518,0.6488,100,,100
tabpfn,composition,1,7088,234.8583,15.3251,10.1386,0.8078,300,7.0833,300
xgb_hamidieh,composition,1,7088,249.0360,15.7809,10.3939,0.7962,300,,300
xgb_tuned,composition,1,7088,310.3214,17.6159,12.1986,0.7461,300,,300
tabpfn,composition,1,7088,168.0705,12.9642,7.9835,0.8625,1000,5.5387,1000
xgb_hamidieh,composition,1,7088,194.6275,13.9509,8.9628,0.8408,1000,,1000
xgb_tuned,composition,1,7088,193.8201,13.9219,9.1183,0.8414,1000,,1000
tabpfn,composition,1,7088,131.2657,11.4571,6.7982,0.8926,3000,4.6374,3000
xgb_hamidieh,composition,1,7088,156.4923,12.5097,7.7719,0.8720,3000,,3000
xgb_tuned,composition,1,7088,161.8464,12.7219,7.9408,0.8676,3000,,3000
tabpfn,composition,1,7088,91.1420,9.5468,5.3247,0.9254,10000,3.7073,10000
xgb_hamidieh,composition,1,7088,113.8259,10.6689,6.4948,0.9069,10000,,10000
xgb_tuned,composition,1,7088,113.4331,10.6505,6.2992,0.9072,10000,,10000
tabpfn,composition,1,7088,86.5662,9.3041,5.0496,0.9292,14175,3.5366,full
xgb_hamidieh,composition,1,7088,106.5461,10.3221,6.2494,0.9128,14175,,full
xgb_tuned,composition,1,7088,103.2426,10.1608,5.9960,0.9155,14175,,full
tabpfn,composition,2,7088,266.8955,16.3369,11.5953,0.7679,100,7.7525,100
xgb_hamidieh,composition,2,7088,305.8823,17.4895,11.8190,0.7340,100,,100
xgb_tuned,composition,2,7088,340.9163,18.4639,12.5203,0.7036,100,,100
tabpfn,composition,2,7088,213.6509,14.6168,9.6196,0.8142,300,6.5681,300
xgb_hamidieh,composition,2,7088,217.5185,14.7485,9.7296,0.8109,300,,300
xgb_tuned,composition,2,7088,250.6807,15.8329,10.1819,0.7820,300,,300
tabpfn,composition,2,7088,154.9350,12.4473,7.7487,0.8653,1000,5.3608,1000
xgb_hamidieh,composition,2,7088,168.5629,12.9832,8.2886,0.8534,1000,,1000
xgb_tuned,composition,2,7088,189.5407,13.7674,8.4977,0.8352,1000,,1000
tabpfn,composition,2,7088,109.5611,10.4671,6.3388,0.9047,3000,4.3484,3000
xgb_hamidieh,composition,2,7088,130.5445,11.4256,7.2103,0.8865,3000,,3000
xgb_tuned,composition,2,7088,142.1226,11.9215,7.4926,0.8764,3000,,3000
tabpfn,composition,2,7088,77.7386,8.8170,4.9709,0.9324,10000,3.4462,10000
xgb_hamidieh,composition,2,7088,98.5599,9.9277,6.1544,0.9143,10000,,10000
xgb_tuned,composition,2,7088,96.4467,9.8207,5.7527,0.9161,10000,,10000
tabpfn,composition,2,7088,72.1102,8.4918,4.7156,0.9373,14175,3.2697,full
xgb_hamidieh,composition,2,7088,92.1714,9.6006,5.9032,0.9199,14175,,full
xgb_tuned,composition,2,7088,87.5774,9.3583,5.5442,0.9239,14175,,full
tabpfn,composition,3,7088,273.8982,16.5499,12.0934,0.7632,100,8.0364,100
xgb_hamidieh,composition,3,7088,300.0308,17.3214,12.0611,0.7407,100,,100
xgb_tuned,composition,3,7088,340.9662,18.4653,13.1120,0.7053,100,,100
tabpfn,composition,3,7088,232.2318,15.2392,10.1922,0.7993,300,6.9887,300
xgb_hamidieh,composition,3,7088,237.1497,15.3997,10.2473,0.7950,300,,300
xgb_tuned,composition,3,7088,260.0601,16.1264,10.7691,0.7752,300,,300
tabpfn,composition,3,7088,189.9910,13.7837,8.8222,0.8358,1000,5.9826,1000
xgb_hamidieh,composition,3,7088,198.9785,14.1060,9.0384,0.8280,1000,,1000
xgb_tuned,composition,3,7088,213.1848,14.6009,9.1971,0.8157,1000,,1000
tabpfn,composition,3,7088,126.8306,11.2619,6.9833,0.8904,3000,4.6975,3000
xgb_hamidieh,composition,3,7088,142.9923,11.9579,7.6740,0.8764,3000,,3000
xgb_tuned,composition,3,7088,149.7717,12.2381,7.9323,0.8705,3000,,3000
tabpfn,composition,3,7088,87.0582,9.3305,5.3542,0.9247,10000,3.6748,10000
xgb_hamidieh,composition,3,7088,107.2759,10.3574,6.4230,0.9073,10000,,10000
xgb_tuned,composition,3,7088,107.5242,10.3694,6.3281,0.9071,10000,,10000
tabpfn,composition,3,7088,79.9500,8.9415,5.0760,0.9309,14175,3.4780,full
xgb_hamidieh,composition,3,7088,99.8120,9.9906,6.1842,0.9137,14175,,full
xgb_tuned,composition,3,7088,94.3339,9.7126,5.7602,0.9185,14175,,full
tabpfn,composition,4,7088,325.4431,18.0400,13.3946,0.7187,100,8.2439,100
xgb_hamidieh,composition,4,7088,360.7076,18.9923,13.3917,0.6882,100,,100
xgb_tuned,composition,4,7088,457.3607,21.3860,16.0767,0.6047,100,,100
tabpfn,composition,4,7088,237.2168,15.4018,10.5924,0.7950,300,6.9071,300
xgb_hamidieh,composition,4,7088,233.0461,15.2658,10.2822,0.7986,300,,300
xgb_tuned,composition,4,7088,228.9631,15.1315,10.3468,0.8021,300,,300
tabpfn,composition,4,7088,175.8699,13.2616,8.3145,0.8480,1000,5.7798,1000
xgb_hamidieh,composition,4,7088,191.5209,13.8391,8.7989,0.8345,1000,,1000
xgb_tuned,composition,4,7088,202.6115,14.2342,9.3901,0.8249,1000,,1000
tabpfn,composition,4,7088,121.9822,11.0446,6.6524,0.8946,3000,4.5815,3000
xgb_hamidieh,composition,4,7088,143.5329,11.9805,7.4528,0.8759,3000,,3000
xgb_tuned,composition,4,7088,164.7158,12.8342,7.6174,0.8576,3000,,3000
tabpfn,composition,4,7088,92.1470,9.5993,5.4131,0.9204,10000,3.7486,10000
xgb_hamidieh,composition,4,7088,111.9918,10.5826,6.4534,0.9032,10000,,10000
xgb_tuned,composition,4,7088,116.8570,10.8100,6.7173,0.8990,10000,,10000
tabpfn,composition,4,7088,83.1856,9.1206,5.0068,0.9281,14175,3.4930,full
xgb_hamidieh,composition,4,7088,103.2116,10.1593,6.1205,0.9108,14175,,full
xgb_tuned,composition,4,7088,105.0664,10.2502,6.0785,0.9092,14175,,full
